{
    "activityid": 14025,
    "fields": {
        "Type": "Presentation",
        "Title of Presentation": "Polygraph countermeasures cannot be detected from respiratory signatures: Government policy puts the innocent at risk",
        "Conference/Meeting Name": "American Psychology - Law Society Annual Meeting",
        "Conference Location": "Vancouver, BC, Canada",
        "Date or Date Range": "2010-03-18",
        "Actual/Projected Year of Publication/Presentation": 2010,
        "Sponsoring Organization": "American Psychology - Law Society",
        "Presenter(s)": null,
        "Web Address": "",
        "Description/Abstract": "",
        "Origin": "Other"
    },
    "facultyid": "111110183",
    "coauthors": {
        "60605": {
            "firstname": "Charles",
            "middleinitial": "R",
            "lastname": "Honts",
            "percentcontribution": "0",
            "sameschoolflag": 1,
            "facultyid": "111110183",
            "authorid": 60605,
            "scholarlyactivityid": 14025
        },
        "60606": {
            "firstname": "Michael",
            "middleinitial": "",
            "lastname": "Crawford",
            "percentcontribution": "0",
            "sameschoolflag": 0,
            "facultyid": null,
            "authorid": 60606,
            "scholarlyactivityid": 14025
        }
    },
    "status": [
        {
            "id": 14025,
            "status": "Completed/Published",
            "term": "Spring",
            "year": 2010,
            "termid": "2009/03",
            "listingorder": 6,
            "completionorder": 6
        }
    ],
    "userid": "111110183",
    "attachments": []
}