{
    "activityid": 14024,
    "fields": {
        "Type": "Presentation",
        "Title of Presentation": "Nine years After 9-11, why so little progress on assessing credibility at portals?",
        "Conference/Meeting Name": "American Psychology - Law Society Annual Meeting",
        "Conference Location": "Vancouver, BC, Canada",
        "Date or Date Range": "2010-03-19",
        "Actual/Projected Year of Publication/Presentation": 2010,
        "Sponsoring Organization": "American Psychology - Law Society",
        "Presenter(s)": null,
        "Web Address": "",
        "Description/Abstract": "",
        "Origin": "Other"
    },
    "facultyid": "111110183",
    "coauthors": {
        "60603": {
            "firstname": "Charles",
            "middleinitial": "R",
            "lastname": "Honts",
            "percentcontribution": "0",
            "sameschoolflag": 1,
            "facultyid": "111110183",
            "authorid": 60603,
            "scholarlyactivityid": 14024
        },
        "60604": {
            "firstname": "Maria",
            "middleinitial": "",
            "lastname": "Hartwig",
            "percentcontribution": "0",
            "sameschoolflag": 0,
            "facultyid": null,
            "authorid": 60604,
            "scholarlyactivityid": 14024
        }
    },
    "status": [
        {
            "id": 14024,
            "status": "Completed/Published",
            "term": "Spring",
            "year": 2010,
            "termid": "2009/03",
            "listingorder": 6,
            "completionorder": 6
        }
    ],
    "userid": "111110183",
    "attachments": []
}