{
    "activityid": 14026,
    "fields": {
        "Type": "Poster Presentation",
        "Title of Presentation": "False confession identification accuracy in groups of college students.",
        "Conference / Meeting Name": "The Annual Summer Undergraduate Research Fellowship Research Day",
        "Conference Location": "New Haven CT",
        "Date or Date Range": "2014-09-30",
        "Actual/Projected Year of Publication/Presentation": 2014,
        "Sponsoring Organization": "",
        "Presenter(s)": null,
        "Web Address": "",
        "Description/Abstract": "",
        "Origin": "Other"
    },
    "facultyid": "111110183",
    "coauthors": {
        "60607": {
            "firstname": "K",
            "middleinitial": "M",
            "lastname": "Bertulis",
            "percentcontribution": "0",
            "sameschoolflag": 0,
            "facultyid": null,
            "authorid": 60607,
            "scholarlyactivityid": 14026
        },
        "60608": {
            "firstname": "Kento",
            "middleinitial": "",
            "lastname": "Yasuhara",
            "percentcontribution": "0",
            "sameschoolflag": 0,
            "facultyid": null,
            "authorid": 60608,
            "scholarlyactivityid": 14026
        },
        "60609": {
            "firstname": "Charles",
            "middleinitial": "R",
            "lastname": "Honts",
            "percentcontribution": "0",
            "sameschoolflag": 1,
            "facultyid": "111110183",
            "authorid": 60609,
            "scholarlyactivityid": 14026
        }
    },
    "status": [
        {
            "id": 14026,
            "status": "Completed/Published",
            "term": "Fall",
            "year": 2014,
            "termid": "2014/02",
            "listingorder": 6,
            "completionorder": 6
        }
    ],
    "userid": "111110183",
    "attachments": []
}