{
    "activityid": 14302,
    "fields": {
        "Type": "Presentation",
        "Title of Presentation": "Team-based learning: I was flipping the classroom when flipping wasn\u2019t cool.",
        "Conference/Meeting Name": "",
        "Conference Location": "Boise State University",
        "Date or Date Range": "2015-03-19",
        "Actual/Projected Year of Publication/Presentation": 2015,
        "Sponsoring Organization": "Center for Teaching and Learning",
        "Presenter(s)": null,
        "Web Address": "",
        "Description/Abstract": "",
        "Origin": "Other"
    },
    "facultyid": "111112597",
    "coauthors": {
        "61261": {
            "firstname": "Shawn",
            "middleinitial": "Ray",
            "lastname": "Simonson",
            "percentcontribution": "0",
            "sameschoolflag": 1,
            "facultyid": "112145571",
            "authorid": 61261,
            "scholarlyactivityid": 14302
        },
        "61262": {
            "firstname": "Kathrine",
            "middleinitial": "E",
            "lastname": "Johnson",
            "percentcontribution": "0",
            "sameschoolflag": 1,
            "facultyid": "111112597",
            "authorid": 61262,
            "scholarlyactivityid": 14302
        }
    },
    "status": [
        {
            "id": 14302,
            "status": "Completed/Published",
            "term": "Spring",
            "year": 2015,
            "termid": "2014/03",
            "listingorder": 6,
            "completionorder": 6
        }
    ],
    "userid": "111112597",
    "attachments": []
}