{
    "activityid": 14337,
    "fields": {
        "Type": "Presentation",
        "Title of Presentation": "Some observations of the eruptive activty at Santiaguito Volcano (Guatemala) during studies in 2007, 2009, and 2012",
        "Conference/Meeting Name": "Short Course \u201cMelts, glass and magmas\u201d",
        "Conference Location": "Munich, Germany",
        "Date or Date Range": "1966-01-01",
        "Actual/Projected Year of Publication/Presentation": 1966,
        "Sponsoring Organization": "University of Munich",
        "Presenter(s)": null,
        "Web Address": "",
        "Description/Abstract": "",
        "Origin": "Other"
    },
    "facultyid": "113150379",
    "coauthors": {
        "61370": {
            "firstname": "Jeffrey",
            "middleinitial": "",
            "lastname": "Johnson",
            "percentcontribution": "0",
            "sameschoolflag": 1,
            "facultyid": "113150379",
            "authorid": 61370,
            "scholarlyactivityid": 14337
        }
    },
    "status": [
        {
            "id": 14337,
            "status": "Completed/Published",
            "term": "Summer",
            "year": 1966,
            "termid": "1966/01",
            "listingorder": 6,
            "completionorder": 6
        }
    ],
    "userid": "113150379",
    "attachments": []
}