{
    "activityid": 14347,
    "fields": {
        "Type": "Presentation",
        "Title of Presentation": "TATERS\u2014Online Development of Special Education",
        "Conference/Meeting Name": "Idaho Council for Exceptional Children Conference",
        "Conference Location": "Sun Valley, ID",
        "Date or Date Range": "2009-12-31",
        "Actual/Projected Year of Publication/Presentation": 2009,
        "Sponsoring Organization": "Idaho Council for Exceptional Children",
        "Presenter(s)": null,
        "Web Address": "",
        "Description/Abstract": "",
        "Origin": "Other"
    },
    "facultyid": "112142993",
    "coauthors": {
        "61380": {
            "firstname": "Evelyn",
            "middleinitial": "S",
            "lastname": "Johnson",
            "percentcontribution": "0",
            "sameschoolflag": 1,
            "facultyid": "112142993",
            "authorid": 61380,
            "scholarlyactivityid": 14347
        },
        "61381": {
            "firstname": "Michael",
            "middleinitial": "John",
            "lastname": "Humphrey",
            "percentcontribution": "0",
            "sameschoolflag": 1,
            "facultyid": "112141652",
            "authorid": 61381,
            "scholarlyactivityid": 14347
        },
        "61382": {
            "firstname": "Lee",
            "middleinitial": "L",
            "lastname": "Woods",
            "percentcontribution": "0",
            "sameschoolflag": 1,
            "facultyid": "112141689",
            "authorid": 61382,
            "scholarlyactivityid": 14347
        },
        "61383": {
            "firstname": "Keith",
            "middleinitial": "W",
            "lastname": "Allred",
            "percentcontribution": "0",
            "sameschoolflag": 1,
            "facultyid": "112141654",
            "authorid": 61383,
            "scholarlyactivityid": 14347
        }
    },
    "status": [
        {
            "id": 14347,
            "status": "Completed/Published",
            "term": "Fall",
            "year": 2009,
            "termid": "2009/02",
            "listingorder": 6,
            "completionorder": 6
        }
    ],
    "userid": "112142993",
    "attachments": []
}