{
    "activityid": 14343,
    "fields": {
        "Type": "Presentation",
        "Title of Presentation": "RTI: Leadership Connecting the Pieces",
        "Conference/Meeting Name": "Idaho Association of State Administrators",
        "Conference Location": "Boise, ID.",
        "Date or Date Range": "2009-09-30",
        "Actual/Projected Year of Publication/Presentation": 2009,
        "Sponsoring Organization": "",
        "Presenter(s)": null,
        "Web Address": "",
        "Description/Abstract": "",
        "Origin": "Other"
    },
    "facultyid": "112142993",
    "coauthors": {
        "61376": {
            "firstname": "Evelyn",
            "middleinitial": "S",
            "lastname": "Johnson",
            "percentcontribution": "0",
            "sameschoolflag": 1,
            "facultyid": "112142993",
            "authorid": 61376,
            "scholarlyactivityid": 14343
        }
    },
    "status": [
        {
            "id": 14343,
            "status": "Completed/Published",
            "term": "Fall",
            "year": 2009,
            "termid": "2009/02",
            "listingorder": 6,
            "completionorder": 6
        }
    ],
    "userid": "112142993",
    "attachments": []
}