{
    "activityid": 14357,
    "fields": {
        "Type": "Presentation",
        "Title of Presentation": "Promoting a statewide mentoring network",
        "Conference/Meeting Name": "Idaho Council for Exceptional Children",
        "Conference Location": "Sun Valley, ID",
        "Date or Date Range": "2009-10-31",
        "Actual/Projected Year of Publication/Presentation": 2009,
        "Sponsoring Organization": "",
        "Presenter(s)": null,
        "Web Address": "",
        "Description/Abstract": "",
        "Origin": "Other"
    },
    "facultyid": "112142993",
    "coauthors": {
        "61396": {
            "firstname": "Evelyn",
            "middleinitial": "S",
            "lastname": "Johnson",
            "percentcontribution": "0",
            "sameschoolflag": 1,
            "facultyid": "112142993",
            "authorid": 61396,
            "scholarlyactivityid": 14357
        }
    },
    "status": [
        {
            "id": 14357,
            "status": "Completed/Published",
            "term": "Fall",
            "year": 2009,
            "termid": "2009/02",
            "listingorder": 6,
            "completionorder": 6
        }
    ],
    "userid": "112142993",
    "attachments": []
}