{
    "activityid": 14355,
    "fields": {
        "Type": "Presentation",
        "Title of Presentation": " What makes for an Effective Special Education Teacher?",
        "Conference/Meeting Name": "OSEP Project Director\u2019s Conference",
        "Conference Location": "Washington, DC",
        "Date or Date Range": "2010-07-21",
        "Actual/Projected Year of Publication/Presentation": 2010,
        "Sponsoring Organization": "",
        "Presenter(s)": null,
        "Web Address": "",
        "Description/Abstract": "",
        "Origin": "Other"
    },
    "facultyid": "112142993",
    "coauthors": {
        "61394": {
            "firstname": "Evelyn",
            "middleinitial": "S",
            "lastname": "Johnson",
            "percentcontribution": "0",
            "sameschoolflag": 1,
            "facultyid": "112142993",
            "authorid": 61394,
            "scholarlyactivityid": 14355
        }
    },
    "status": [
        {
            "id": 14355,
            "status": "Completed/Published",
            "term": "Summer",
            "year": 2010,
            "termid": "2010/01",
            "listingorder": 6,
            "completionorder": 6
        }
    ],
    "userid": "112142993",
    "attachments": []
}