{
    "activityid": 14351,
    "fields": {
        "Type": "Presentation",
        "Title of Presentation": "Self-Regulated Strategy Development: A Writing Intervention",
        "Conference/Meeting Name": "",
        "Conference Location": "",
        "Date or Date Range": "2011-05-12",
        "Actual/Projected Year of Publication/Presentation": 2011,
        "Sponsoring Organization": "Meridian School District",
        "Presenter(s)": null,
        "Web Address": "",
        "Description/Abstract": "",
        "Origin": "Other"
    },
    "facultyid": "112142993",
    "coauthors": {
        "61390": {
            "firstname": "Evelyn",
            "middleinitial": "S",
            "lastname": "Johnson",
            "percentcontribution": "0",
            "sameschoolflag": 1,
            "facultyid": "112142993",
            "authorid": 61390,
            "scholarlyactivityid": 14351
        }
    },
    "status": [
        {
            "id": 14351,
            "status": "Completed/Published",
            "term": "Spring",
            "year": 2011,
            "termid": "2010/03",
            "listingorder": 6,
            "completionorder": 6
        }
    ],
    "userid": "112142993",
    "attachments": []
}