{
    "activityid": 14368,
    "fields": {
        "Type": "Presentation",
        "Title of Presentation": "RTI Implementation at the secondary level",
        "Conference/Meeting Name": "Idaho Association of School Administrators",
        "Conference Location": "Boise, ID",
        "Date or Date Range": "2009-01-31",
        "Actual/Projected Year of Publication/Presentation": 2009,
        "Sponsoring Organization": "",
        "Presenter(s)": null,
        "Web Address": "",
        "Description/Abstract": "",
        "Origin": "Other"
    },
    "facultyid": "112142993",
    "coauthors": {
        "61410": {
            "firstname": "Evelyn",
            "middleinitial": "S",
            "lastname": "Johnson",
            "percentcontribution": "0",
            "sameschoolflag": 1,
            "facultyid": "112142993",
            "authorid": 61410,
            "scholarlyactivityid": 14368
        }
    },
    "status": [
        {
            "id": 14368,
            "status": "Completed/Published",
            "term": "Spring",
            "year": 2009,
            "termid": "2008/03",
            "listingorder": 6,
            "completionorder": 6
        }
    ],
    "userid": "112142993",
    "attachments": []
}