{
    "activityid": 14361,
    "fields": {
        "Type": "Presentation",
        "Title of Presentation": "Use of the Early Warning System within an RTI Framework in High School",
        "Conference/Meeting Name": "National Council of Education Diagnosticians",
        "Conference Location": "Philadelphia",
        "Date or Date Range": "2009-10-31",
        "Actual/Projected Year of Publication/Presentation": 2009,
        "Sponsoring Organization": "",
        "Presenter(s)": null,
        "Web Address": "",
        "Description/Abstract": "",
        "Origin": "Other"
    },
    "facultyid": "112142993",
    "coauthors": {
        "61400": {
            "firstname": "Evelyn",
            "middleinitial": "S",
            "lastname": "Johnson",
            "percentcontribution": "0",
            "sameschoolflag": 1,
            "facultyid": "112142993",
            "authorid": 61400,
            "scholarlyactivityid": 14361
        }
    },
    "status": [
        {
            "id": 14361,
            "status": "Completed/Published",
            "term": "Fall",
            "year": 2009,
            "termid": "2009/02",
            "listingorder": 6,
            "completionorder": 6
        }
    ],
    "userid": "112142993",
    "attachments": []
}