{
    "activityid": 14365,
    "fields": {
        "Type": "Presentation",
        "Title of Presentation": "RTI and SLD Eligibility",
        "Conference/Meeting Name": " Idaho State Association of Special Education Administrators",
        "Conference Location": "Boise, ID",
        "Date or Date Range": "2009-05-31",
        "Actual/Projected Year of Publication/Presentation": 2009,
        "Sponsoring Organization": "",
        "Presenter(s)": null,
        "Web Address": "",
        "Description/Abstract": "",
        "Origin": "Other"
    },
    "facultyid": "112142993",
    "coauthors": {
        "61407": {
            "firstname": "Evelyn",
            "middleinitial": "S",
            "lastname": "Johnson",
            "percentcontribution": "0",
            "sameschoolflag": 1,
            "facultyid": "112142993",
            "authorid": 61407,
            "scholarlyactivityid": 14365
        }
    },
    "status": [
        {
            "id": 14365,
            "status": "Completed/Published",
            "term": "Spring",
            "year": 2009,
            "termid": "2008/03",
            "listingorder": 6,
            "completionorder": 6
        }
    ],
    "userid": "112142993",
    "attachments": []
}