{
    "activityid": 14380,
    "fields": {
        "Type": "Presentation",
        "Title of Presentation": "Including Students with Disabilities in High-Stakes Accountability Systems: Research to Practice",
        "Conference/Meeting Name": "Council for Exceptional Children",
        "Conference Location": "Seattle, WA",
        "Date or Date Range": "2003-04-30",
        "Actual/Projected Year of Publication/Presentation": 2003,
        "Sponsoring Organization": "",
        "Presenter(s)": null,
        "Web Address": "",
        "Description/Abstract": "",
        "Origin": "Other"
    },
    "facultyid": "112142993",
    "coauthors": {
        "61422": {
            "firstname": "Evelyn",
            "middleinitial": "S",
            "lastname": "Johnson",
            "percentcontribution": "0",
            "sameschoolflag": 1,
            "facultyid": "112142993",
            "authorid": 61422,
            "scholarlyactivityid": 14380
        }
    },
    "status": [
        {
            "id": 14380,
            "status": "Completed/Published",
            "term": "Spring",
            "year": 2003,
            "termid": "2002/03",
            "listingorder": 6,
            "completionorder": 6
        }
    ],
    "userid": "112142993",
    "attachments": []
}