{
    "activityid": 14383,
    "fields": {
        "Type": "Presentation",
        "Title of Presentation": "Testing the Validity of an Alternate Assessment",
        "Conference/Meeting Name": "National Technical Advisory Committee on Alternate Assessment",
        "Conference Location": "Seatac, WA",
        "Date or Date Range": "2002-07-31",
        "Actual/Projected Year of Publication/Presentation": 2002,
        "Sponsoring Organization": "",
        "Presenter(s)": null,
        "Web Address": "",
        "Description/Abstract": "",
        "Origin": "Other"
    },
    "facultyid": "112142993",
    "coauthors": {
        "61425": {
            "firstname": "Evelyn",
            "middleinitial": "S",
            "lastname": "Johnson",
            "percentcontribution": "0",
            "sameschoolflag": 1,
            "facultyid": "112142993",
            "authorid": 61425,
            "scholarlyactivityid": 14383
        }
    },
    "status": [
        {
            "id": 14383,
            "status": "Completed/Published",
            "term": "Summer",
            "year": 2002,
            "termid": "2002/01",
            "listingorder": 6,
            "completionorder": 6
        }
    ],
    "userid": "112142993",
    "attachments": []
}