{
    "activityid": 14385,
    "fields": {
        "Type": "Presentation",
        "Title of Presentation": "Validity Studies on the WASL",
        "Conference/Meeting Name": "",
        "Conference Location": "Seatac, WA",
        "Date or Date Range": "2001-12-31",
        "Actual/Projected Year of Publication/Presentation": 2001,
        "Sponsoring Organization": "Washington Education Research Association",
        "Presenter(s)": null,
        "Web Address": "",
        "Description/Abstract": "",
        "Origin": "Other"
    },
    "facultyid": "112142993",
    "coauthors": {
        "61427": {
            "firstname": "Evelyn",
            "middleinitial": "S",
            "lastname": "Johnson",
            "percentcontribution": "0",
            "sameschoolflag": 1,
            "facultyid": "112142993",
            "authorid": 61427,
            "scholarlyactivityid": 14385
        }
    },
    "status": [
        {
            "id": 14385,
            "status": "Completed/Published",
            "term": "Fall",
            "year": 2001,
            "termid": "2001/02",
            "listingorder": 6,
            "completionorder": 6
        }
    ],
    "userid": "112142993",
    "attachments": []
}