{
    "activityid": 14389,
    "fields": {
        "Type": "Presentation",
        "Title of Presentation": "Including Special Education in a Teacher Preparation Program",
        "Conference/Meeting Name": "NASDTEC",
        "Conference Location": "Bellevue, WA",
        "Date or Date Range": "1999-03-26",
        "Actual/Projected Year of Publication/Presentation": 1999,
        "Sponsoring Organization": "",
        "Presenter(s)": null,
        "Web Address": "",
        "Description/Abstract": "",
        "Origin": "Other"
    },
    "facultyid": "112142993",
    "coauthors": {
        "61431": {
            "firstname": "Evelyn",
            "middleinitial": "S",
            "lastname": "Johnson",
            "percentcontribution": "0",
            "sameschoolflag": 1,
            "facultyid": "112142993",
            "authorid": 61431,
            "scholarlyactivityid": 14389
        }
    },
    "status": [
        {
            "id": 14389,
            "status": "Completed/Published",
            "term": "Spring",
            "year": 1999,
            "termid": "1998/03",
            "listingorder": 6,
            "completionorder": 6
        }
    ],
    "userid": "112142993",
    "attachments": []
}