{
    "activityid": 14509,
    "fields": {
        "Type": "Presentation",
        "Title of Presentation": "On the structure of link homotopy skein modules",
        "Conference/Meeting Name": "Fall Southeastern Meeting",
        "Conference Location": "Greensboro, NC",
        "Date or Date Range": "2014-11-09",
        "Actual/Projected Year of Publication/Presentation": 2014,
        "Sponsoring Organization": "AMS",
        "Presenter(s)": null,
        "Web Address": "http://www.ams.org/amsmtgs/2222_abstracts/1105-57-209.pdf",
        "Description/Abstract": "",
        "Origin": "Other"
    },
    "facultyid": "111669772",
    "coauthors": {
        "61692": {
            "firstname": "Uwe",
            "middleinitial": "",
            "lastname": "Kaiser",
            "percentcontribution": "0",
            "sameschoolflag": 1,
            "facultyid": "111669772",
            "authorid": 61692,
            "scholarlyactivityid": 14509
        }
    },
    "status": [
        {
            "id": 14509,
            "status": "Completed/Published",
            "term": "Fall",
            "year": 2014,
            "termid": "2014/02",
            "listingorder": 6,
            "completionorder": 6
        }
    ],
    "userid": "111669772",
    "attachments": []
}