{
    "activityid": 14514,
    "fields": {
        "Type": "Presentation",
        "Title of Presentation": "Pi and the Riemann hypothesis",
        "Conference/Meeting Name": "Boise State Mathematics Club",
        "Conference Location": "Boise, ID",
        "Date or Date Range": "2013-03-14",
        "Actual/Projected Year of Publication/Presentation": 2013,
        "Sponsoring Organization": "Boise State University",
        "Presenter(s)": null,
        "Web Address": "",
        "Description/Abstract": "",
        "Origin": "Other"
    },
    "facultyid": "111669772",
    "coauthors": {
        "61697": {
            "firstname": "Uwe",
            "middleinitial": "",
            "lastname": "Kaiser",
            "percentcontribution": "0",
            "sameschoolflag": 1,
            "facultyid": "111669772",
            "authorid": 61697,
            "scholarlyactivityid": 14514
        }
    },
    "status": [
        {
            "id": 14514,
            "status": "Completed/Published",
            "term": "Spring",
            "year": 2013,
            "termid": "2012/03",
            "listingorder": 6,
            "completionorder": 6
        }
    ],
    "userid": "111669772",
    "attachments": []
}