{
    "activityid": 14517,
    "fields": {
        "Type": "Presentation",
        "Title of Presentation": "Special Session on Topological, Geometric and Quantum Invariants of 3-manifolds",
        "Conference/Meeting Name": "2011 Spring Eastern Sectional Meeting",
        "Conference Location": "Worcester, MA",
        "Date or Date Range": "2011-12-31",
        "Actual/Projected Year of Publication/Presentation": 2011,
        "Sponsoring Organization": "AMS",
        "Presenter(s)": null,
        "Web Address": "",
        "Description/Abstract": "",
        "Origin": "Other"
    },
    "facultyid": "111669772",
    "coauthors": {
        "61700": {
            "firstname": "Uwe",
            "middleinitial": "",
            "lastname": "Kaiser",
            "percentcontribution": "0",
            "sameschoolflag": 1,
            "facultyid": "111669772",
            "authorid": 61700,
            "scholarlyactivityid": 14517
        }
    },
    "status": [
        {
            "id": 14517,
            "status": "Completed/Published",
            "term": "Fall",
            "year": 2011,
            "termid": "2011/02",
            "listingorder": 6,
            "completionorder": 6
        }
    ],
    "userid": "111669772",
    "attachments": []
}