{
    "activityid": 14513,
    "fields": {
        "Type": "Presentation",
        "Title of Presentation": "Special Session on Algebraic Structures in Knot Theory",
        "Conference/Meeting Name": "2013 Fall Western Meeting",
        "Conference Location": "Riverside, CA",
        "Date or Date Range": "2013-11-03",
        "Actual/Projected Year of Publication/Presentation": 2013,
        "Sponsoring Organization": "AMS",
        "Presenter(s)": null,
        "Web Address": "",
        "Description/Abstract": "",
        "Origin": "Other"
    },
    "facultyid": "111669772",
    "coauthors": {
        "61696": {
            "firstname": "Uwe",
            "middleinitial": "",
            "lastname": "Kaiser",
            "percentcontribution": "0",
            "sameschoolflag": 1,
            "facultyid": "111669772",
            "authorid": 61696,
            "scholarlyactivityid": 14513
        }
    },
    "status": [
        {
            "id": 14513,
            "status": "Completed/Published",
            "term": "Fall",
            "year": 2013,
            "termid": "2013/02",
            "listingorder": 6,
            "completionorder": 6
        }
    ],
    "userid": "111669772",
    "attachments": []
}