{
    "activityid": 14537,
    "fields": {
        "Type": "Presentation",
        "Title of Presentation": "Towards a Redefinition of Modernity in Luis Sep\u00falveda's Un viejo que le\u00eda novelas de amor and Mundo del fin del mundo",
        "Conference/Meeting Name": "The Invention of Latin American Nature (An International Colloquium) ",
        "Conference Location": "T\u00fcbingen, Germany",
        "Date or Date Range": "2016-01-31",
        "Actual/Projected Year of Publication/Presentation": 2016,
        "Sponsoring Organization": "University of T\u00fcbingen, Germany",
        "Presenter(s)": null,
        "Web Address": "",
        "Description/Abstract": "",
        "Origin": "Other"
    },
    "facultyid": "112093478",
    "coauthors": {
        "92786": {
            "firstname": "Adrian",
            "middleinitial": "Taylor",
            "lastname": "Kane",
            "percentcontribution": "",
            "sameschoolflag": 1,
            "facultyid": "112093478",
            "authorid": 92786,
            "scholarlyactivityid": 14537
        }
    },
    "status": [
        {
            "id": 14537,
            "status": "Completed/Published",
            "term": "Spring",
            "year": 2016,
            "termid": "2015/03",
            "listingorder": 6,
            "completionorder": 6
        }
    ],
    "userid": "112093478",
    "attachments": []
}