{
    "activityid": 14582,
    "fields": {
        "Type": "Presentation",
        "Title of Presentation": "Forging Community Connections: Linking Nonprofits, Education and Community Program Resources",
        "Conference/Meeting Name": "2014 11th Annual Idaho Statewide Nonprofit Conference",
        "Conference Location": "Boise, ID",
        "Date or Date Range": "2014-09-24",
        "Actual/Projected Year of Publication/Presentation": 2014,
        "Sponsoring Organization": "Idaho Nonprofit Center",
        "Presenter(s)": null,
        "Web Address": "",
        "Description/Abstract": "",
        "Origin": "Other"
    },
    "facultyid": "111110548",
    "coauthors": {
        "92361": {
            "firstname": "Gundars",
            "middleinitial": "",
            "lastname": "Kaupins",
            "percentcontribution": "",
            "sameschoolflag": 1,
            "facultyid": "111110548",
            "authorid": 92361,
            "scholarlyactivityid": 14582,
            "classifications": {
                "Role": "Presenter"
            }
        },
        "92362": {
            "firstname": "Caile",
            "middleinitial": "E",
            "lastname": "Spear",
            "percentcontribution": "",
            "sameschoolflag": 1,
            "facultyid": "111110020",
            "authorid": 92362,
            "scholarlyactivityid": 14582,
            "classifications": {
                "Role": "Presenter"
            }
        }
    },
    "status": [
        {
            "id": 14582,
            "status": "Completed/Published",
            "term": "Fall",
            "year": 2014,
            "termid": "2014/02",
            "listingorder": 6,
            "completionorder": 6
        }
    ],
    "userid": "111110548",
    "attachments": []
}