{
    "activityid": 14671,
    "fields": {
        "Type": "Presentation",
        "Title of Presentation": "Direct Observation of Self-assembled Chain-like Water Structures in Nanoscopic Water Menisci by Cantilever-Based Optical Interfacial Force Microscopy (COIFM)",
        "Conference/Meeting Name": "9th North-West US-Korea Conference on BNCIT (Bio- Nano, Communications-Information, Transportation) Systems Technology)",
        "Conference Location": "Portland State University 1900 SW 4th Avenue Portland, OR",
        "Date or Date Range": "2014-10-05",
        "Actual/Projected Year of Publication/Presentation": 2014,
        "Sponsoring Organization": "Korea-America Scientist and Engineer Association (KSEA)",
        "Presenter(s)": null,
        "Web Address": "",
        "Description/Abstract": "",
        "Origin": "Other"
    },
    "facultyid": "112033875",
    "coauthors": {
        "62034": {
            "firstname": "Byung",
            "middleinitial": "I",
            "lastname": "Kim",
            "percentcontribution": "0",
            "sameschoolflag": 1,
            "facultyid": "112033875",
            "authorid": 62034,
            "scholarlyactivityid": 14671
        },
        "62035": {
            "firstname": "Jaremy",
            "middleinitial": "R",
            "lastname": "Bonander",
            "percentcontribution": "0",
            "sameschoolflag": 0,
            "facultyid": null,
            "authorid": 62035,
            "scholarlyactivityid": 14671
        },
        "62036": {
            "firstname": "Ryan",
            "middleinitial": "D",
            "lastname": "Boehm",
            "percentcontribution": "0",
            "sameschoolflag": 0,
            "facultyid": null,
            "authorid": 62036,
            "scholarlyactivityid": 14671
        },
        "62037": {
            "firstname": "Jared",
            "middleinitial": "A",
            "lastname": "Rasmussen",
            "percentcontribution": "0",
            "sameschoolflag": 0,
            "facultyid": null,
            "authorid": 62037,
            "scholarlyactivityid": 14671
        }
    },
    "status": [
        {
            "id": 14671,
            "status": "Completed/Published",
            "term": "Fall",
            "year": 2014,
            "termid": "2014/02",
            "listingorder": 6,
            "completionorder": 6
        }
    ],
    "userid": "112033875",
    "attachments": []
}