{
    "activityid": 14683,
    "fields": {
        "Type": "Presentation",
        "Title of Presentation": "An AFM-FET Biosensor for Proteomic Screening",
        "Conference/Meeting Name": "TM's 3rd World Drug Discorver Online Conference",
        "Conference Location": "",
        "Date or Date Range": "2013-10-15",
        "Actual/Projected Year of Publication/Presentation": 2013,
        "Sponsoring Organization": "Target Meeting",
        "Presenter(s)": null,
        "Web Address": "",
        "Description/Abstract": "",
        "Origin": "Other"
    },
    "facultyid": "112033875",
    "coauthors": {
        "62062": {
            "firstname": "Byung",
            "middleinitial": "Il",
            "lastname": "Kim",
            "percentcontribution": "0",
            "sameschoolflag": 1,
            "facultyid": "112033875",
            "authorid": 62062,
            "scholarlyactivityid": 14683
        }
    },
    "status": [
        {
            "id": 14683,
            "status": "Completed/Published",
            "term": "Fall",
            "year": 2013,
            "termid": "2013/02",
            "listingorder": 6,
            "completionorder": 6
        }
    ],
    "userid": "112033875",
    "attachments": []
}