{
    "activityid": 14687,
    "fields": {
        "Type": "Presentation",
        "Title of Presentation": "An AFM-FET Biosensor for Proteomic Screening",
        "Conference/Meeting Name": "2012 APCBEES Jeju Island Conferences",
        "Conference Location": "Jeju Island, South Korea",
        "Date or Date Range": "2012-06-30",
        "Actual/Projected Year of Publication/Presentation": 2012,
        "Sponsoring Organization": "APCBEES",
        "Presenter(s)": null,
        "Web Address": "",
        "Description/Abstract": "",
        "Origin": "Other"
    },
    "facultyid": "112033875",
    "coauthors": {
        "62066": {
            "firstname": "Byung",
            "middleinitial": "Il",
            "lastname": "Kim",
            "percentcontribution": "0",
            "sameschoolflag": 1,
            "facultyid": "112033875",
            "authorid": 62066,
            "scholarlyactivityid": 14687
        },
        "62067": {
            "firstname": "Joseph",
            "middleinitial": "O",
            "lastname": "Holmes",
            "percentcontribution": "0",
            "sameschoolflag": 0,
            "facultyid": null,
            "authorid": 62067,
            "scholarlyactivityid": 14687
        },
        "62068": {
            "firstname": "Moon",
            "middleinitial": "S",
            "lastname": "Ryu",
            "percentcontribution": "0",
            "sameschoolflag": 0,
            "facultyid": null,
            "authorid": 62068,
            "scholarlyactivityid": 14687
        }
    },
    "status": [
        {
            "id": 14687,
            "status": "Completed/Published",
            "term": "Summer",
            "year": 2012,
            "termid": "2012/01",
            "listingorder": 6,
            "completionorder": 6
        }
    ],
    "userid": "112033875",
    "attachments": []
}