{
    "activityid": 14699,
    "fields": {
        "Type": "Poster Presentation",
        "Title of Presentation": "Characterization of a phtoswitchable spiropyran surface in potassium chloride solution by interfacial force microscopy and atomic force microscopy",
        "Conference / Meeting Name": "10th Annual Undergraduate Research &amp; Scholarship Conference",
        "Conference Location": "Boise, Idaho",
        "Date or Date Range": "2013-04-15",
        "Actual/Projected Year of Publication/Presentation": 2013,
        "Sponsoring Organization": "Boise State University",
        "Presenter(s)": null,
        "Web Address": "",
        "Description/Abstract": "",
        "Origin": "Other"
    },
    "facultyid": "112033875",
    "coauthors": {
        "62096": {
            "firstname": "Byung",
            "middleinitial": "Il",
            "lastname": "Kim",
            "percentcontribution": "0",
            "sameschoolflag": 1,
            "facultyid": "112033875",
            "authorid": 62096,
            "scholarlyactivityid": 14699
        },
        "62097": {
            "firstname": "Lynn Ann",
            "middleinitial": "",
            "lastname": "Hoppert",
            "percentcontribution": "0",
            "sameschoolflag": 0,
            "facultyid": null,
            "authorid": 62097,
            "scholarlyactivityid": 14699
        }
    },
    "status": [
        {
            "id": 14699,
            "status": "Completed/Published",
            "term": "Spring",
            "year": 2013,
            "termid": "2012/03",
            "listingorder": 6,
            "completionorder": 6
        }
    ],
    "userid": "112033875",
    "attachments": []
}