{
    "activityid": 14709,
    "fields": {
        "Type": "Poster Presentation",
        "Title of Presentation": "Loading rate independence of single molecular unbinding forces at a higher force regime studied by AFM",
        "Conference / Meeting Name": "9th Annual Undergraduate Research &amp; Scholarship  Conference",
        "Conference Location": "Boise State University",
        "Date or Date Range": "2012-04-16",
        "Actual/Projected Year of Publication/Presentation": 2012,
        "Sponsoring Organization": "",
        "Presenter(s)": null,
        "Web Address": "",
        "Description/Abstract": "",
        "Origin": "Other"
    },
    "facultyid": "112033875",
    "coauthors": {
        "62121": {
            "firstname": "Hyonjee",
            "middleinitial": "",
            "lastname": "Joo",
            "percentcontribution": "0",
            "sameschoolflag": 0,
            "facultyid": null,
            "authorid": 62121,
            "scholarlyactivityid": 14709
        },
        "62122": {
            "firstname": "Jonathan",
            "middleinitial": "",
            "lastname": "Walsh",
            "percentcontribution": "0",
            "sameschoolflag": 0,
            "facultyid": null,
            "authorid": 62122,
            "scholarlyactivityid": 14709
        },
        "62123": {
            "firstname": "Jennifer",
            "middleinitial": "",
            "lastname": "Rice",
            "percentcontribution": "0",
            "sameschoolflag": 0,
            "facultyid": null,
            "authorid": 62123,
            "scholarlyactivityid": 14709
        },
        "62124": {
            "firstname": "Joseph",
            "middleinitial": "O",
            "lastname": "Holmes",
            "percentcontribution": "0",
            "sameschoolflag": 0,
            "facultyid": null,
            "authorid": 62124,
            "scholarlyactivityid": 14709
        },
        "62125": {
            "firstname": "Byung",
            "middleinitial": "Il",
            "lastname": "Kim",
            "percentcontribution": "0",
            "sameschoolflag": 1,
            "facultyid": "112033875",
            "authorid": 62125,
            "scholarlyactivityid": 14709
        },
        "62126": {
            "firstname": "Kenneth",
            "middleinitial": "Allison",
            "lastname": "Cornell",
            "percentcontribution": "0",
            "sameschoolflag": 1,
            "facultyid": "112033562",
            "authorid": 62126,
            "scholarlyactivityid": 14709
        }
    },
    "status": [
        {
            "id": 14709,
            "status": "Completed/Published",
            "term": "Spring",
            "year": 2012,
            "termid": "2011/03",
            "listingorder": 6,
            "completionorder": 6
        }
    ],
    "userid": "112033875",
    "attachments": []
}