{
    "activityid": 14707,
    "fields": {
        "Type": "Poster Presentation",
        "Title of Presentation": "Influence of Solvent on the Chiral Resolution of Organic Molecules on Au(111): EC-STM Study of Biphenyl Dicarboxylic Acid on Au(111) in Aqueous Environment",
        "Conference / Meeting Name": "9th Annual Undergraduate Research &amp; Scholarship  Conference",
        "Conference Location": "Boise State University",
        "Date or Date Range": "2012-04-16",
        "Actual/Projected Year of Publication/Presentation": 2012,
        "Sponsoring Organization": "",
        "Presenter(s)": null,
        "Web Address": "",
        "Description/Abstract": "",
        "Origin": "Other"
    },
    "facultyid": "112033875",
    "coauthors": {
        "62115": {
            "firstname": "Lauren",
            "middleinitial": "",
            "lastname": "Reeder",
            "percentcontribution": "0",
            "sameschoolflag": 0,
            "facultyid": null,
            "authorid": 62115,
            "scholarlyactivityid": 14707
        },
        "62116": {
            "firstname": "Joey",
            "middleinitial": "",
            "lastname": "Hanson",
            "percentcontribution": "0",
            "sameschoolflag": 0,
            "facultyid": null,
            "authorid": 62116,
            "scholarlyactivityid": 14707
        },
        "62117": {
            "firstname": "Matthew",
            "middleinitial": "",
            "lastname": "Turner",
            "percentcontribution": "0",
            "sameschoolflag": 0,
            "facultyid": null,
            "authorid": 62117,
            "scholarlyactivityid": 14707
        },
        "62118": {
            "firstname": "Byung",
            "middleinitial": "Il",
            "lastname": "Kim",
            "percentcontribution": "0",
            "sameschoolflag": 1,
            "facultyid": "112033875",
            "authorid": 62118,
            "scholarlyactivityid": 14707
        }
    },
    "status": [
        {
            "id": 14707,
            "status": "Completed/Published",
            "term": "Spring",
            "year": 2012,
            "termid": "2011/03",
            "listingorder": 6,
            "completionorder": 6
        }
    ],
    "userid": "112033875",
    "attachments": []
}