{
    "activityid": 14700,
    "fields": {
        "Type": "Poster Presentation",
        "Title of Presentation": "Comparative studies of atomic structures TiC(001) and VC(100) using scanning tunneling microscopy",
        "Conference / Meeting Name": "10th Annual Undergraduate Research &amp; Scholarship Conference",
        "Conference Location": "Boise, Idaho",
        "Date or Date Range": "2013-04-15",
        "Actual/Projected Year of Publication/Presentation": 2013,
        "Sponsoring Organization": "Boise State University",
        "Presenter(s)": null,
        "Web Address": "",
        "Description/Abstract": "",
        "Origin": "Other"
    },
    "facultyid": "112033875",
    "coauthors": {
        "62098": {
            "firstname": "Byung",
            "middleinitial": "Il",
            "lastname": "Kim",
            "percentcontribution": "0",
            "sameschoolflag": 1,
            "facultyid": "112033875",
            "authorid": 62098,
            "scholarlyactivityid": 14700
        },
        "62099": {
            "firstname": "D",
            "middleinitial": "",
            "lastname": "Christian",
            "percentcontribution": "0",
            "sameschoolflag": 0,
            "facultyid": null,
            "authorid": 62099,
            "scholarlyactivityid": 14700
        }
    },
    "status": [
        {
            "id": 14700,
            "status": "Completed/Published",
            "term": "Spring",
            "year": 2013,
            "termid": "2012/03",
            "listingorder": 6,
            "completionorder": 6
        }
    ],
    "userid": "112033875",
    "attachments": []
}