{
    "activityid": 14715,
    "fields": {
        "Type": "Poster Presentation",
        "Title of Presentation": "Long-Term Structural Changes of Plasmid DNA",
        "Conference / Meeting Name": "8th Annual Undergraduate Research &amp; Scholarship Conference",
        "Conference Location": "Boise State University",
        "Date or Date Range": "2011-12-31",
        "Actual/Projected Year of Publication/Presentation": 2011,
        "Sponsoring Organization": "",
        "Presenter(s)": null,
        "Web Address": "",
        "Description/Abstract": "",
        "Origin": "Other"
    },
    "facultyid": "112033875",
    "coauthors": {
        "62143": {
            "firstname": "Byung",
            "middleinitial": "Il",
            "lastname": "Kim",
            "percentcontribution": "0",
            "sameschoolflag": 1,
            "facultyid": "112033875",
            "authorid": 62143,
            "scholarlyactivityid": 14715
        },
        "62144": {
            "firstname": "Reilly",
            "middleinitial": "",
            "lastname": "Clark",
            "percentcontribution": "0",
            "sameschoolflag": 0,
            "facultyid": null,
            "authorid": 62144,
            "scholarlyactivityid": 14715
        },
        "62145": {
            "firstname": "Tyler",
            "middleinitial": "",
            "lastname": "Clark",
            "percentcontribution": "0",
            "sameschoolflag": 0,
            "facultyid": null,
            "authorid": 62145,
            "scholarlyactivityid": 14715
        }
    },
    "status": [
        {
            "id": 14715,
            "status": "Completed/Published",
            "term": "Fall",
            "year": 2011,
            "termid": "2011/02",
            "listingorder": 6,
            "completionorder": 6
        }
    ],
    "userid": "112033875",
    "attachments": []
}