{
    "activityid": 14726,
    "fields": {
        "Type": "Poster Presentation",
        "Title of Presentation": "An AFM-PMOS FET Biosensor for Proteomic Screening",
        "Conference / Meeting Name": "5th Undergraduate Research and Scholarship Conference",
        "Conference Location": "Boise State University",
        "Date or Date Range": "2010-01-01",
        "Actual/Projected Year of Publication/Presentation": 2010,
        "Sponsoring Organization": "",
        "Presenter(s)": null,
        "Web Address": "",
        "Description/Abstract": "",
        "Origin": "Other"
    },
    "facultyid": "112033875",
    "coauthors": {
        "62170": {
            "firstname": "Byung",
            "middleinitial": "Il",
            "lastname": "Kim",
            "percentcontribution": "0",
            "sameschoolflag": 1,
            "facultyid": "112033875",
            "authorid": 62170,
            "scholarlyactivityid": 14726
        },
        "62171": {
            "firstname": "Joseph",
            "middleinitial": "",
            "lastname": "Holmes",
            "percentcontribution": "0",
            "sameschoolflag": 0,
            "facultyid": null,
            "authorid": 62171,
            "scholarlyactivityid": 14726
        },
        "62172": {
            "firstname": "P",
            "middleinitial": "",
            "lastname": "Deschatelets",
            "percentcontribution": "0",
            "sameschoolflag": 0,
            "facultyid": null,
            "authorid": 62172,
            "scholarlyactivityid": 14726
        },
        "62173": {
            "firstname": "N",
            "middleinitial": "",
            "lastname": "Minskoff",
            "percentcontribution": "0",
            "sameschoolflag": 0,
            "facultyid": null,
            "authorid": 62173,
            "scholarlyactivityid": 14726
        },
        "62174": {
            "firstname": "D",
            "middleinitial": "L",
            "lastname": "Russell",
            "percentcontribution": "0",
            "sameschoolflag": 1,
            "facultyid": "111110157",
            "authorid": 62174,
            "scholarlyactivityid": 14726
        }
    },
    "status": [
        {
            "id": 14726,
            "status": "Completed/Published",
            "term": "Spring",
            "year": 2010,
            "termid": "2009/03",
            "listingorder": 6,
            "completionorder": 6
        }
    ],
    "userid": "112033875",
    "attachments": []
}