{
    "activityid": 14722,
    "fields": {
        "Type": "Poster Presentation",
        "Title of Presentation": "The Uncoiling of Plasmid DNA over Time",
        "Conference / Meeting Name": "7th Annual Undergraduate Research &amp; Scholarship",
        "Conference Location": "Boise State University",
        "Date or Date Range": "2010-12-31",
        "Actual/Projected Year of Publication/Presentation": 2010,
        "Sponsoring Organization": "",
        "Presenter(s)": null,
        "Web Address": "",
        "Description/Abstract": "",
        "Origin": "Other"
    },
    "facultyid": "112033875",
    "coauthors": {
        "62161": {
            "firstname": "Byung",
            "middleinitial": "Il",
            "lastname": "Kim",
            "percentcontribution": "0",
            "sameschoolflag": 1,
            "facultyid": "112033875",
            "authorid": 62161,
            "scholarlyactivityid": 14722
        },
        "62162": {
            "firstname": "Reilly",
            "middleinitial": "",
            "lastname": "Clark",
            "percentcontribution": "0",
            "sameschoolflag": 0,
            "facultyid": null,
            "authorid": 62162,
            "scholarlyactivityid": 14722
        },
        "62163": {
            "firstname": "Tyler",
            "middleinitial": "",
            "lastname": "Clark",
            "percentcontribution": "0",
            "sameschoolflag": 0,
            "facultyid": null,
            "authorid": 62163,
            "scholarlyactivityid": 14722
        }
    },
    "status": [
        {
            "id": 14722,
            "status": "Completed/Published",
            "term": "Fall",
            "year": 2010,
            "termid": "2010/02",
            "listingorder": 6,
            "completionorder": 6
        }
    ],
    "userid": "112033875",
    "attachments": []
}