{
    "activityid": 14724,
    "fields": {
        "Type": "Poster Presentation",
        "Title of Presentation": "Development of a High-Speed Atomic Force Microscope Combined with A High-Resolution Optical Microscope for Biological Studies",
        "Conference / Meeting Name": "Undergraduate Research Conference",
        "Conference Location": "",
        "Date or Date Range": "2010-12-31",
        "Actual/Projected Year of Publication/Presentation": 2010,
        "Sponsoring Organization": "Boise State University",
        "Presenter(s)": null,
        "Web Address": "",
        "Description/Abstract": "",
        "Origin": "Other"
    },
    "facultyid": "112033875",
    "coauthors": {
        "62166": {
            "firstname": "Byung",
            "middleinitial": "Il",
            "lastname": "Kim",
            "percentcontribution": "0",
            "sameschoolflag": 1,
            "facultyid": "112033875",
            "authorid": 62166,
            "scholarlyactivityid": 14724
        },
        "62167": {
            "firstname": "R",
            "middleinitial": "",
            "lastname": "Boehm",
            "percentcontribution": "0",
            "sameschoolflag": 0,
            "facultyid": null,
            "authorid": 62167,
            "scholarlyactivityid": 14724
        }
    },
    "status": [
        {
            "id": 14724,
            "status": "Completed/Published",
            "term": "Fall",
            "year": 2010,
            "termid": "2010/02",
            "listingorder": 6,
            "completionorder": 6
        }
    ],
    "userid": "112033875",
    "attachments": []
}