{
    "activityid": 14729,
    "fields": {
        "Type": "Poster Presentation",
        "Title of Presentation": "High-Speed Atomic Force Microscopy Combined with Optical Microscopy for Biological Studies",
        "Conference / Meeting Name": "5th Undergraduate Research and Scholarship Conference",
        "Conference Location": "Boise State University",
        "Date or Date Range": "2008-12-31",
        "Actual/Projected Year of Publication/Presentation": 2008,
        "Sponsoring Organization": "",
        "Presenter(s)": null,
        "Web Address": "",
        "Description/Abstract": "",
        "Origin": "Other"
    },
    "facultyid": "112033875",
    "coauthors": {
        "62182": {
            "firstname": "Byung",
            "middleinitial": "Il",
            "lastname": "Kim",
            "percentcontribution": "0",
            "sameschoolflag": 1,
            "facultyid": "112033875",
            "authorid": 62182,
            "scholarlyactivityid": 14729
        },
        "62183": {
            "firstname": "Edward",
            "middleinitial": "",
            "lastname": "Kim",
            "percentcontribution": "0",
            "sameschoolflag": 0,
            "facultyid": null,
            "authorid": 62183,
            "scholarlyactivityid": 14729
        },
        "62184": {
            "firstname": "Jeremy",
            "middleinitial": "",
            "lastname": "Bonander",
            "percentcontribution": "0",
            "sameschoolflag": 0,
            "facultyid": null,
            "authorid": 62184,
            "scholarlyactivityid": 14729
        }
    },
    "status": [
        {
            "id": 14729,
            "status": "Completed/Published",
            "term": "Fall",
            "year": 2008,
            "termid": "2008/02",
            "listingorder": 6,
            "completionorder": 6
        }
    ],
    "userid": "112033875",
    "attachments": []
}