{
    "activityid": 14744,
    "fields": {
        "Type": "Presentation",
        "Title of Presentation": "Single Molecule Biological Physics Using Atomic Force Microscopy",
        "Conference/Meeting Name": "Biomolecular Imaging Group",
        "Conference Location": "Daejon, Korea",
        "Date or Date Range": "2013-04-11",
        "Actual/Projected Year of Publication/Presentation": 2013,
        "Sponsoring Organization": "Korea Research Institute of Bioscience and Biotechnology",
        "Presenter(s)": null,
        "Web Address": "",
        "Description/Abstract": "",
        "Origin": "Other"
    },
    "facultyid": "112033875",
    "coauthors": {
        "62221": {
            "firstname": "Byung",
            "middleinitial": "Il",
            "lastname": "Kim",
            "percentcontribution": "0",
            "sameschoolflag": 1,
            "facultyid": "112033875",
            "authorid": 62221,
            "scholarlyactivityid": 14744
        }
    },
    "status": [
        {
            "id": 14744,
            "status": "Completed/Published",
            "term": "Spring",
            "year": 2013,
            "termid": "2012/03",
            "listingorder": 6,
            "completionorder": 6
        }
    ],
    "userid": "112033875",
    "attachments": []
}