{
    "activityid": 14746,
    "fields": {
        "Type": "Presentation",
        "Title of Presentation": "Direct Observation of Chain-like Water Structures by Cantilever-Based Optical Interfacial Force Microscopy",
        "Conference/Meeting Name": "Department of Physics",
        "Conference Location": "Seoul, Korea",
        "Date or Date Range": "2012-10-09",
        "Actual/Projected Year of Publication/Presentation": 2012,
        "Sponsoring Organization": "Seoul National University ",
        "Presenter(s)": null,
        "Web Address": "",
        "Description/Abstract": "",
        "Origin": "Other"
    },
    "facultyid": "112033875",
    "coauthors": {
        "62223": {
            "firstname": "Byung",
            "middleinitial": "Il",
            "lastname": "Kim",
            "percentcontribution": "0",
            "sameschoolflag": 1,
            "facultyid": "112033875",
            "authorid": 62223,
            "scholarlyactivityid": 14746
        }
    },
    "status": [
        {
            "id": 14746,
            "status": "Completed/Published",
            "term": "Fall",
            "year": 2012,
            "termid": "2012/02",
            "listingorder": 6,
            "completionorder": 6
        }
    ],
    "userid": "112033875",
    "attachments": []
}