{
    "activityid": 14742,
    "fields": {
        "Type": "Presentation",
        "Title of Presentation": "Discovery of Chain?like Water Structures through COIFM Development",
        "Conference/Meeting Name": "KSEA Boise Idaho Chapter/ Fall Seminar 2014",
        "Conference Location": "Room 156, Idaho Water Center (IWC), University of Idaho",
        "Date or Date Range": "2014-11-13",
        "Actual/Projected Year of Publication/Presentation": 2014,
        "Sponsoring Organization": "KSEA Boise Idaho Chapter",
        "Presenter(s)": null,
        "Web Address": "",
        "Description/Abstract": "",
        "Origin": "Other"
    },
    "facultyid": "112033875",
    "coauthors": {
        "62219": {
            "firstname": "Byung",
            "middleinitial": "I.",
            "lastname": "Kim",
            "percentcontribution": "0",
            "sameschoolflag": 1,
            "facultyid": "112033875",
            "authorid": 62219,
            "scholarlyactivityid": 14742
        }
    },
    "status": [
        {
            "id": 14742,
            "status": "Completed/Published",
            "term": "Fall",
            "year": 2014,
            "termid": "2014/02",
            "listingorder": 6,
            "completionorder": 6
        }
    ],
    "userid": "112033875",
    "attachments": []
}