{
    "activityid": 14751,
    "fields": {
        "Type": "Presentation",
        "Title of Presentation": "Direct Observation of Self-assembled Chain-like Water Structures in Nanoscopic Water Menisci by Cantilever-Based Optical Interfacial Force Microscopy (COIFM).",
        "Conference/Meeting Name": "57th Idaho Academy of Sciences and Engineering Annual Meeting and Symposium",
        "Conference Location": "Boise State University",
        "Date or Date Range": "2015-03-20",
        "Actual/Projected Year of Publication/Presentation": 2015,
        "Sponsoring Organization": "",
        "Presenter(s)": null,
        "Web Address": "",
        "Description/Abstract": "",
        "Origin": "Other"
    },
    "facultyid": "112033875",
    "coauthors": {
        "62228": {
            "firstname": "Byung",
            "middleinitial": "I",
            "lastname": "Kim",
            "percentcontribution": "0",
            "sameschoolflag": 1,
            "facultyid": "112033875",
            "authorid": 62228,
            "scholarlyactivityid": 14751
        }
    },
    "status": [
        {
            "id": 14751,
            "status": "Completed/Published",
            "term": "Spring",
            "year": 2015,
            "termid": "2014/03",
            "listingorder": 6,
            "completionorder": 6
        }
    ],
    "userid": "112033875",
    "attachments": []
}