{
    "activityid": 14806,
    "fields": {
        "Type": "Presentation",
        "Title of Presentation": "\u2019I did it for others\u2019: Sergeant Welsh and Police Corruption on the 1890s Liverpool Docks ",
        "Conference/Meeting Name": "Social Science History Association",
        "Conference Location": "Chicago",
        "Date or Date Range": "2013-11-24",
        "Actual/Projected Year of Publication/Presentation": 2013,
        "Sponsoring Organization": "Social Science History Association",
        "Presenter(s)": null,
        "Web Address": "",
        "Description/Abstract": "",
        "Origin": "Other"
    },
    "facultyid": "111669987",
    "coauthors": {
        "62338": {
            "firstname": "Joanne",
            "middleinitial": "Marie",
            "lastname": "Klein",
            "percentcontribution": "0",
            "sameschoolflag": 1,
            "facultyid": "111669987",
            "authorid": 62338,
            "scholarlyactivityid": 14806
        }
    },
    "status": [
        {
            "id": 14806,
            "status": "Completed/Published",
            "term": "Fall",
            "year": 2013,
            "termid": "2013/02",
            "listingorder": 6,
            "completionorder": 6
        }
    ],
    "userid": "111669987",
    "attachments": []
}