{
    "activityid": 14843,
    "fields": {
        "Type": "Presentation",
        "Title of Presentation": "The age of the Earth",
        "Conference/Meeting Name": "English class lecture",
        "Conference Location": "Boise State University",
        "Date or Date Range": "2014-12-31",
        "Actual/Projected Year of Publication/Presentation": 2014,
        "Sponsoring Organization": "Boise State University",
        "Presenter(s)": null,
        "Web Address": "",
        "Description/Abstract": "",
        "Origin": "Other"
    },
    "facultyid": "112110324",
    "coauthors": {
        "62442": {
            "firstname": "Matthew",
            "middleinitial": "J",
            "lastname": "Kohn",
            "percentcontribution": "0",
            "sameschoolflag": 1,
            "facultyid": "112110324",
            "authorid": 62442,
            "scholarlyactivityid": 14843
        }
    },
    "status": [
        {
            "id": 14843,
            "status": "Completed/Published",
            "term": "Fall",
            "year": 2014,
            "termid": "2014/02",
            "listingorder": 6,
            "completionorder": 6
        }
    ],
    "userid": "112110324",
    "attachments": []
}