{
    "activityid": 14856,
    "fields": {
        "Type": "Presentation",
        "Title of Presentation": "How to become a fossil: a geochemist's guide",
        "Conference/Meeting Name": "",
        "Conference Location": "Pennsylvania State University",
        "Date or Date Range": "2013-02-11",
        "Actual/Projected Year of Publication/Presentation": 2013,
        "Sponsoring Organization": "Pennsylvania State University",
        "Presenter(s)": null,
        "Web Address": "",
        "Description/Abstract": "",
        "Origin": "Other"
    },
    "facultyid": "112110324",
    "coauthors": {
        "62455": {
            "firstname": "Matthew",
            "middleinitial": "J",
            "lastname": "Kohn",
            "percentcontribution": "0",
            "sameschoolflag": 1,
            "facultyid": "112110324",
            "authorid": 62455,
            "scholarlyactivityid": 14856
        }
    },
    "status": [
        {
            "id": 14856,
            "status": "Completed/Published",
            "term": "Spring",
            "year": 2013,
            "termid": "2012/03",
            "listingorder": 6,
            "completionorder": 6
        }
    ],
    "userid": "112110324",
    "attachments": []
}