{
    "activityid": 14859,
    "fields": {
        "Type": "Presentation",
        "Title of Presentation": "How to become a fossil:A geochemist\u2019s guide",
        "Conference/Meeting Name": "Texas Tech University",
        "Conference Location": "Lubbock, TX",
        "Date or Date Range": "2012-10-26",
        "Actual/Projected Year of Publication/Presentation": 2012,
        "Sponsoring Organization": "Texas Tech University",
        "Presenter(s)": null,
        "Web Address": "",
        "Description/Abstract": "",
        "Origin": "Other"
    },
    "facultyid": "112110324",
    "coauthors": {
        "62458": {
            "firstname": "Matthew",
            "middleinitial": "J",
            "lastname": "Kohn",
            "percentcontribution": "0",
            "sameschoolflag": 1,
            "facultyid": "112110324",
            "authorid": 62458,
            "scholarlyactivityid": 14859
        }
    },
    "status": [
        {
            "id": 14859,
            "status": "Completed/Published",
            "term": "Fall",
            "year": 2012,
            "termid": "2012/02",
            "listingorder": 6,
            "completionorder": 6
        }
    ],
    "userid": "112110324",
    "attachments": []
}