{
    "activityid": 14869,
    "fields": {
        "Type": "Presentation",
        "Title of Presentation": "Putting the brakes on geospeedometry \u2013 why simple diffusion profiles yield maximum cooling rates",
        "Conference/Meeting Name": "Geological Society of America Annual Meeting",
        "Conference Location": "Baltimore",
        "Date or Date Range": "2015-10-31",
        "Actual/Projected Year of Publication/Presentation": 2015,
        "Sponsoring Organization": "Geological Society of America",
        "Presenter(s)": null,
        "Web Address": "",
        "Description/Abstract": "",
        "Origin": "Other"
    },
    "facultyid": "112110324",
    "coauthors": {
        "62473": {
            "firstname": "Matthew",
            "middleinitial": "J",
            "lastname": "Kohn",
            "percentcontribution": "0",
            "sameschoolflag": 1,
            "facultyid": "112110324",
            "authorid": 62473,
            "scholarlyactivityid": 14869
        }
    },
    "status": [
        {
            "id": 14869,
            "status": "Completed/Published",
            "term": "Fall",
            "year": 2015,
            "termid": "2015/02",
            "listingorder": 6,
            "completionorder": 6
        }
    ],
    "userid": "112110324",
    "attachments": []
}