{
    "activityid": 14878,
    "fields": {
        "Type": "Poster Presentation",
        "Title of Presentation": "Isotopic dynamics in a seasonal snowpack",
        "Conference / Meeting Name": "American Geophysical Union Annual Meeting",
        "Conference Location": "San Francisco, CA",
        "Date or Date Range": "2012-12-31",
        "Actual/Projected Year of Publication/Presentation": 2012,
        "Sponsoring Organization": "American Geophysical Union",
        "Presenter(s)": null,
        "Web Address": "",
        "Description/Abstract": "",
        "Origin": "Other"
    },
    "facultyid": "112110324",
    "coauthors": {
        "62499": {
            "firstname": "Samantha",
            "middleinitial": "L",
            "lastname": "Evans",
            "percentcontribution": "0",
            "sameschoolflag": 0,
            "facultyid": null,
            "authorid": 62499,
            "scholarlyactivityid": 14878
        },
        "62500": {
            "firstname": "Achim",
            "middleinitial": "",
            "lastname": "Heilig",
            "percentcontribution": "0",
            "sameschoolflag": 0,
            "facultyid": null,
            "authorid": 62500,
            "scholarlyactivityid": 14878
        },
        "62501": {
            "firstname": "Matthew",
            "middleinitial": "J",
            "lastname": "Kohn",
            "percentcontribution": "0",
            "sameschoolflag": 1,
            "facultyid": "112110324",
            "authorid": 62501,
            "scholarlyactivityid": 14878
        },
        "62502": {
            "firstname": "Hans-Peter",
            "middleinitial": "",
            "lastname": "Marshall",
            "percentcontribution": "0",
            "sameschoolflag": 1,
            "facultyid": "112188758",
            "authorid": 62502,
            "scholarlyactivityid": 14878
        }
    },
    "status": [
        {
            "id": 14878,
            "status": "Completed/Published",
            "term": "Fall",
            "year": 2012,
            "termid": "2012/02",
            "listingorder": 6,
            "completionorder": 6
        }
    ],
    "userid": "112110324",
    "attachments": []
}