{
    "activityid": 14883,
    "fields": {
        "Type": "Poster Presentation",
        "Title of Presentation": "Stable isotope fractionation in grasshopper assemblages along an elevation gradient",
        "Conference / Meeting Name": "BSU Undergraduate Research Symposium",
        "Conference Location": "BSU",
        "Date or Date Range": "2012-04-30",
        "Actual/Projected Year of Publication/Presentation": 2012,
        "Sponsoring Organization": "BSU",
        "Presenter(s)": null,
        "Web Address": "",
        "Description/Abstract": "",
        "Origin": "Other"
    },
    "facultyid": "112110324",
    "coauthors": {
        "62518": {
            "firstname": "Joey",
            "middleinitial": "",
            "lastname": "Dean",
            "percentcontribution": "0",
            "sameschoolflag": 0,
            "facultyid": null,
            "authorid": 62518,
            "scholarlyactivityid": 14883
        },
        "62519": {
            "firstname": "Samantha",
            "middleinitial": "L",
            "lastname": "Evans",
            "percentcontribution": "0",
            "sameschoolflag": 0,
            "facultyid": null,
            "authorid": 62519,
            "scholarlyactivityid": 14883
        },
        "62520": {
            "firstname": "Matthew",
            "middleinitial": "J",
            "lastname": "Kohn",
            "percentcontribution": "0",
            "sameschoolflag": 1,
            "facultyid": "112110324",
            "authorid": 62520,
            "scholarlyactivityid": 14883
        },
        "62521": {
            "firstname": "Cesar",
            "middleinitial": "R",
            "lastname": "Nufio",
            "percentcontribution": "0",
            "sameschoolflag": 0,
            "facultyid": null,
            "authorid": 62521,
            "scholarlyactivityid": 14883
        }
    },
    "status": [
        {
            "id": 14883,
            "status": "Completed/Published",
            "term": "Spring",
            "year": 2012,
            "termid": "2011/03",
            "listingorder": 6,
            "completionorder": 6
        }
    ],
    "userid": "112110324",
    "attachments": []
}