{
    "activityid": 14881,
    "fields": {
        "Type": "Poster Presentation",
        "Title of Presentation": "Zirconium partitioning in metamorphic minerals and growth of metamorphic zircon",
        "Conference / Meeting Name": "American Geophysical Union Annual Meeting",
        "Conference Location": "San Francisco, CA",
        "Date or Date Range": "2012-12-31",
        "Actual/Projected Year of Publication/Presentation": 2012,
        "Sponsoring Organization": "American Geophysical Union",
        "Presenter(s)": null,
        "Web Address": "",
        "Description/Abstract": "",
        "Origin": "Other"
    },
    "facultyid": "112110324",
    "coauthors": {
        "62512": {
            "firstname": "Stacey",
            "middleinitial": "L",
            "lastname": "Corrie",
            "percentcontribution": "0",
            "sameschoolflag": 1,
            "facultyid": "112122830",
            "authorid": 62512,
            "scholarlyactivityid": 14881
        },
        "62513": {
            "firstname": "Matthew",
            "middleinitial": "J",
            "lastname": "Kohn",
            "percentcontribution": "0",
            "sameschoolflag": 1,
            "facultyid": "112110324",
            "authorid": 62513,
            "scholarlyactivityid": 14881
        },
        "62514": {
            "firstname": "Christopher",
            "middleinitial": "",
            "lastname": "Markley",
            "percentcontribution": "0",
            "sameschoolflag": 0,
            "facultyid": null,
            "authorid": 62514,
            "scholarlyactivityid": 14881
        }
    },
    "status": [
        {
            "id": 14881,
            "status": "Completed/Published",
            "term": "Fall",
            "year": 2012,
            "termid": "2012/02",
            "listingorder": 6,
            "completionorder": 6
        }
    ],
    "userid": "112110324",
    "attachments": []
}