{
    "activityid": 14886,
    "fields": {
        "Type": "Poster Presentation",
        "Title of Presentation": "P-T data from central Bhutan imply distributed extensional shear at the Black Mountain &quot;klippe&quot;.",
        "Conference / Meeting Name": "American Geophysical Union Annual Meeting",
        "Conference Location": "San Francisco, CA",
        "Date or Date Range": "2011-12-31",
        "Actual/Projected Year of Publication/Presentation": 2011,
        "Sponsoring Organization": "American Geophysical Union",
        "Presenter(s)": null,
        "Web Address": "",
        "Description/Abstract": "",
        "Origin": "Other"
    },
    "facultyid": "112110324",
    "coauthors": {
        "62530": {
            "firstname": "Stacey",
            "middleinitial": "",
            "lastname": "Corrie",
            "percentcontribution": "0",
            "sameschoolflag": 1,
            "facultyid": "112122830",
            "authorid": 62530,
            "scholarlyactivityid": 14886
        },
        "62531": {
            "firstname": "Matthew",
            "middleinitial": "J",
            "lastname": "Kohn",
            "percentcontribution": "0",
            "sameschoolflag": 1,
            "facultyid": "112110324",
            "authorid": 62531,
            "scholarlyactivityid": 14886
        },
        "62532": {
            "firstname": "Sean",
            "middleinitial": "P",
            "lastname": "Long",
            "percentcontribution": "0",
            "sameschoolflag": 0,
            "facultyid": null,
            "authorid": 62532,
            "scholarlyactivityid": 14886
        },
        "62533": {
            "firstname": "Nadine",
            "middleinitial": "",
            "lastname": "McQuarrie",
            "percentcontribution": "0",
            "sameschoolflag": 0,
            "facultyid": null,
            "authorid": 62533,
            "scholarlyactivityid": 14886
        }
    },
    "status": [
        {
            "id": 14886,
            "status": "Completed/Published",
            "term": "Fall",
            "year": 2011,
            "termid": "2011/02",
            "listingorder": 6,
            "completionorder": 6
        }
    ],
    "userid": "112110324",
    "attachments": []
}