{
    "activityid": 14929,
    "fields": {
        "Type": "Presentation",
        "Title of Presentation": "Why skills matter: Undergraduate psychology education and a legacy at risk",
        "Conference/Meeting Name": "Stanford University Psych One conference, Palo Alto, CA",
        "Conference Location": "",
        "Date or Date Range": "2014-06-30",
        "Actual/Projected Year of Publication/Presentation": 2014,
        "Sponsoring Organization": "Stanford University Psych One conference, Palo Alto, CA",
        "Presenter(s)": null,
        "Web Address": "",
        "Description/Abstract": "",
        "Origin": "Other"
    },
    "facultyid": "111110323",
    "coauthors": {
        "62639": {
            "firstname": "Ronald",
            "middleinitial": "Eric",
            "lastname": "Landrum",
            "percentcontribution": "0",
            "sameschoolflag": 1,
            "facultyid": "111110323",
            "authorid": 62639,
            "scholarlyactivityid": 14929
        }
    },
    "status": [
        {
            "id": 14929,
            "status": "Completed/Published",
            "term": "Summer",
            "year": 2014,
            "termid": "2014/01",
            "listingorder": 6,
            "completionorder": 6
        }
    ],
    "userid": "111110323",
    "attachments": []
}