{
    "activityid": 14937,
    "fields": {
        "Type": "Presentation",
        "Title of Presentation": "Finding jobs with your bachelor\u2019s degree in psychology: Advice for launching your career.",
        "Conference/Meeting Name": "Invited Presentation, Metropolitan State College of Denver",
        "Conference Location": "Denver, CO",
        "Date or Date Range": "2012-03-31",
        "Actual/Projected Year of Publication/Presentation": 2012,
        "Sponsoring Organization": "Invited Presentation, Metropolitan State College of Denver",
        "Presenter(s)": null,
        "Web Address": "",
        "Description/Abstract": "",
        "Origin": "Other"
    },
    "facultyid": "111110323",
    "coauthors": {
        "62647": {
            "firstname": "Ronald",
            "middleinitial": "Eric",
            "lastname": "Landrum",
            "percentcontribution": "0",
            "sameschoolflag": 1,
            "facultyid": "111110323",
            "authorid": 62647,
            "scholarlyactivityid": 14937
        }
    },
    "status": [
        {
            "id": 14937,
            "status": "Completed/Published",
            "term": "Spring",
            "year": 2012,
            "termid": "2011/03",
            "listingorder": 6,
            "completionorder": 6
        }
    ],
    "userid": "111110323",
    "attachments": []
}