{
    "activityid": 14931,
    "fields": {
        "Type": "Presentation",
        "Title of Presentation": "A perfect storm: Skills assessment and the future of psychology education",
        "Conference/Meeting Name": "Atlantic Coast Teaching of Psychology conference",
        "Conference Location": "Red Bank, NJ",
        "Date or Date Range": "2013-09-30",
        "Actual/Projected Year of Publication/Presentation": 2013,
        "Sponsoring Organization": "",
        "Presenter(s)": null,
        "Web Address": "",
        "Description/Abstract": "",
        "Origin": "Other"
    },
    "facultyid": "111110323",
    "coauthors": {
        "62641": {
            "firstname": "Ronald",
            "middleinitial": "Eric",
            "lastname": "Landrum",
            "percentcontribution": "0",
            "sameschoolflag": 1,
            "facultyid": "111110323",
            "authorid": 62641,
            "scholarlyactivityid": 14931
        }
    },
    "status": [
        {
            "id": 14931,
            "status": "Completed/Published",
            "term": "Fall",
            "year": 2013,
            "termid": "2013/02",
            "listingorder": 6,
            "completionorder": 6
        }
    ],
    "userid": "111110323",
    "attachments": []
}