{
    "activityid": 14945,
    "fields": {
        "Type": "Presentation",
        "Title of Presentation": "What we are (and what we should be) teaching our psychology majors, and why it matters.  ",
        "Conference/Meeting Name": "",
        "Conference Location": "",
        "Date or Date Range": "2014-11-30",
        "Actual/Projected Year of Publication/Presentation": 2014,
        "Sponsoring Organization": "Ohio State University, Columbus, OH",
        "Presenter(s)": null,
        "Web Address": "",
        "Description/Abstract": "",
        "Origin": "Other"
    },
    "facultyid": "111110323",
    "coauthors": {
        "62656": {
            "firstname": "Ronald",
            "middleinitial": "Eric",
            "lastname": "Landrum",
            "percentcontribution": "0",
            "sameschoolflag": 1,
            "facultyid": "111110323",
            "authorid": 62656,
            "scholarlyactivityid": 14945
        }
    },
    "status": [
        {
            "id": 14945,
            "status": "Completed/Published",
            "term": "Fall",
            "year": 2014,
            "termid": "2014/02",
            "listingorder": 6,
            "completionorder": 6
        }
    ],
    "userid": "111110323",
    "attachments": []
}