{
    "activityid": 14958,
    "fields": {
        "Type": "Presentation",
        "Title of Presentation": "Cultivating and Sustaining a Civil, Healthy Work Environment",
        "Conference/Meeting Name": "Oregon State Board of Nursing Staff Development",
        "Conference Location": "",
        "Date or Date Range": "2012-03-31",
        "Actual/Projected Year of Publication/Presentation": 2012,
        "Sponsoring Organization": "Oregon State Board of Nursing",
        "Presenter(s)": null,
        "Web Address": "",
        "Description/Abstract": "",
        "Origin": "Other"
    },
    "facultyid": "111110323",
    "coauthors": {
        "62670": {
            "firstname": "Cynthia",
            "middleinitial": "M",
            "lastname": "Clark",
            "percentcontribution": "0",
            "sameschoolflag": 1,
            "facultyid": "111110314",
            "authorid": 62670,
            "scholarlyactivityid": 14958
        },
        "62671": {
            "firstname": "Ronald",
            "middleinitial": "Eric",
            "lastname": "Landrum",
            "percentcontribution": "0",
            "sameschoolflag": 1,
            "facultyid": "111110323",
            "authorid": 62671,
            "scholarlyactivityid": 14958
        }
    },
    "status": [
        {
            "id": 14958,
            "status": "Completed/Published",
            "term": "Spring",
            "year": 2012,
            "termid": "2011/03",
            "listingorder": 6,
            "completionorder": 6
        }
    ],
    "userid": "111110323",
    "attachments": []
}