{
    "activityid": 14955,
    "fields": {
        "Type": "Presentation",
        "Title of Presentation": "Inspiring learning: The power of personalization in your introductory psychology course and beyond",
        "Conference/Meeting Name": "National Institute on the Teaching of Psychology",
        "Conference Location": "St. Petersburg Beach, FL",
        "Date or Date Range": "2011-01-31",
        "Actual/Projected Year of Publication/Presentation": 2011,
        "Sponsoring Organization": "",
        "Presenter(s)": null,
        "Web Address": "",
        "Description/Abstract": "",
        "Origin": "Other"
    },
    "facultyid": "111110323",
    "coauthors": {
        "62666": {
            "firstname": "Ronald",
            "middleinitial": "Eric",
            "lastname": "Landrum",
            "percentcontribution": "0",
            "sameschoolflag": 1,
            "facultyid": "111110323",
            "authorid": 62666,
            "scholarlyactivityid": 14955
        },
        "62667": {
            "firstname": "Regan",
            "middleinitial": "A.R.",
            "lastname": "Gurung",
            "percentcontribution": "0",
            "sameschoolflag": 0,
            "facultyid": null,
            "authorid": 62667,
            "scholarlyactivityid": 14955
        }
    },
    "status": [
        {
            "id": 14955,
            "status": "Completed/Published",
            "term": "Spring",
            "year": 2011,
            "termid": "2010/03",
            "listingorder": 6,
            "completionorder": 6
        }
    ],
    "userid": "111110323",
    "attachments": []
}