{
    "activityid": 14950,
    "fields": {
        "Type": "Presentation",
        "Title of Presentation": ").  Clickers in my classroom: Their usefulness in measuring attitude change and for course and instructor evaluations",
        "Conference/Meeting Name": "Turning Technologies User Conference",
        "Conference Location": "San Diego, CA",
        "Date or Date Range": "2011-10-31",
        "Actual/Projected Year of Publication/Presentation": 2011,
        "Sponsoring Organization": "",
        "Presenter(s)": null,
        "Web Address": "",
        "Description/Abstract": "",
        "Origin": "Other"
    },
    "facultyid": "111110323",
    "coauthors": {
        "62661": {
            "firstname": "Ronald",
            "middleinitial": "Eric",
            "lastname": "Landrum",
            "percentcontribution": "0",
            "sameschoolflag": 1,
            "facultyid": "111110323",
            "authorid": 62661,
            "scholarlyactivityid": 14950
        }
    },
    "status": [
        {
            "id": 14950,
            "status": "Completed/Published",
            "term": "Fall",
            "year": 2011,
            "termid": "2011/02",
            "listingorder": 6,
            "completionorder": 6
        }
    ],
    "userid": "111110323",
    "attachments": []
}