{
    "activityid": 14964,
    "fields": {
        "Type": "Presentation",
        "Title of Presentation": "In praise of clickers: Scientist-educators and meaningful pedagogy",
        "Conference/Meeting Name": "American Psychological Association annual convention, Orlando, FL",
        "Conference Location": "American Psychological Association annual convention, Orlando, FL",
        "Date or Date Range": "2012-08-31",
        "Actual/Projected Year of Publication/Presentation": 2012,
        "Sponsoring Organization": "American Psychological Association annual convention, Orlando, FL",
        "Presenter(s)": null,
        "Web Address": "",
        "Description/Abstract": "",
        "Origin": "Other"
    },
    "facultyid": "111110323",
    "coauthors": {
        "62686": {
            "firstname": "Ronald",
            "middleinitial": "Eric",
            "lastname": "Landrum",
            "percentcontribution": "0",
            "sameschoolflag": 1,
            "facultyid": "111110323",
            "authorid": 62686,
            "scholarlyactivityid": 14964
        }
    },
    "status": [
        {
            "id": 14964,
            "status": "Completed/Published",
            "term": "Summer",
            "year": 2012,
            "termid": "2012/01",
            "listingorder": 6,
            "completionorder": 6
        }
    ],
    "userid": "111110323",
    "attachments": []
}