{
    "activityid": 14961,
    "fields": {
        "Type": "Presentation",
        "Title of Presentation": "The Effects of Sexual Objectification on Self-Perception and Risky Behaviors",
        "Conference/Meeting Name": "Idaho Conference on Undergraduate Research",
        "Conference Location": "",
        "Date or Date Range": "2015-08-31",
        "Actual/Projected Year of Publication/Presentation": 2015,
        "Sponsoring Organization": "",
        "Presenter(s)": null,
        "Web Address": "",
        "Description/Abstract": "",
        "Origin": "Other"
    },
    "facultyid": "111110323",
    "coauthors": {
        "62680": {
            "firstname": "Morgan",
            "middleinitial": "",
            "lastname": "Harris",
            "percentcontribution": "0",
            "sameschoolflag": 0,
            "facultyid": null,
            "authorid": 62680,
            "scholarlyactivityid": 14961
        },
        "62681": {
            "firstname": "Ronald",
            "middleinitial": "Eric",
            "lastname": "Landrum",
            "percentcontribution": "0",
            "sameschoolflag": 1,
            "facultyid": "111110323",
            "authorid": 62681,
            "scholarlyactivityid": 14961
        },
        "62682": {
            "firstname": "Mary",
            "middleinitial": "Elizabeth",
            "lastname": "Pritchard",
            "percentcontribution": "0",
            "sameschoolflag": 1,
            "facultyid": "112014101",
            "authorid": 62682,
            "scholarlyactivityid": 14961
        }
    },
    "status": [
        {
            "id": 14961,
            "status": "Completed/Published",
            "term": "Summer",
            "year": 2015,
            "termid": "2015/01",
            "listingorder": 6,
            "completionorder": 6
        }
    ],
    "userid": "111110323",
    "attachments": []
}