{
    "activityid": 14979,
    "fields": {
        "Type": "Poster Presentation",
        "Title of Presentation": "STEM Central Station",
        "Conference / Meeting Name": "Great Ideas in STEM Education Research",
        "Conference Location": "Boise, ID",
        "Date or Date Range": "2014-01-31",
        "Actual/Projected Year of Publication/Presentation": 2014,
        "Sponsoring Organization": "Boise State University",
        "Presenter(s)": null,
        "Web Address": "",
        "Description/Abstract": "",
        "Origin": "Other"
    },
    "facultyid": "111110323",
    "coauthors": {
        "62727": {
            "firstname": "Martin",
            "middleinitial": "E",
            "lastname": "Schimpf",
            "percentcontribution": "0",
            "sameschoolflag": 1,
            "facultyid": "111111683",
            "authorid": 62727,
            "scholarlyactivityid": 14979
        },
        "62728": {
            "firstname": "Sharon",
            "middleinitial": "",
            "lastname": "McGuire",
            "percentcontribution": "0",
            "sameschoolflag": 1,
            "facultyid": "112107183",
            "authorid": 62728,
            "scholarlyactivityid": 14979
        },
        "62729": {
            "firstname": "Louis",
            "middleinitial": "Scott",
            "lastname": "Nadelson",
            "percentcontribution": "0",
            "sameschoolflag": 1,
            "facultyid": "112176690",
            "authorid": 62729,
            "scholarlyactivityid": 14979
        },
        "62730": {
            "firstname": "Karen",
            "middleinitial": "",
            "lastname": "Viskupic",
            "percentcontribution": "0",
            "sameschoolflag": 1,
            "facultyid": "112003792",
            "authorid": 62730,
            "scholarlyactivityid": 14979
        },
        "62731": {
            "firstname": "Amy",
            "middleinitial": "",
            "lastname": "Moll",
            "percentcontribution": "0",
            "sameschoolflag": 1,
            "facultyid": "111643645",
            "authorid": 62731,
            "scholarlyactivityid": 14979
        },
        "62732": {
            "firstname": "Ronald",
            "middleinitial": "Eric",
            "lastname": "Landrum",
            "percentcontribution": "0",
            "sameschoolflag": 1,
            "facultyid": "111110323",
            "authorid": 62732,
            "scholarlyactivityid": 14979
        },
        "62733": {
            "firstname": "Patricia",
            "middleinitial": "",
            "lastname": "Pyke",
            "percentcontribution": "0",
            "sameschoolflag": 0,
            "facultyid": null,
            "authorid": 62733,
            "scholarlyactivityid": 14979
        }
    },
    "status": [
        {
            "id": 14979,
            "status": "Completed/Published",
            "term": "Spring",
            "year": 2014,
            "termid": "2013/03",
            "listingorder": 6,
            "completionorder": 6
        }
    ],
    "userid": "111110323",
    "attachments": []
}