{
    "activityid": 14978,
    "fields": {
        "Type": "Poster Presentation",
        "Title of Presentation": "Documenting pedagogy and assessing learning in STEM general education",
        "Conference / Meeting Name": "American Association of Colleges and Universities",
        "Conference Location": "Portland, OR",
        "Date or Date Range": "2014-03-31",
        "Actual/Projected Year of Publication/Presentation": 2014,
        "Sponsoring Organization": "American Association of Colleges and Universities",
        "Presenter(s)": null,
        "Web Address": "",
        "Description/Abstract": "",
        "Origin": "Other"
    },
    "facultyid": "111110323",
    "coauthors": {
        "62721": {
            "firstname": "Sharon",
            "middleinitial": "",
            "lastname": "McGuire",
            "percentcontribution": "0",
            "sameschoolflag": 1,
            "facultyid": "112107183",
            "authorid": 62721,
            "scholarlyactivityid": 14978
        },
        "62722": {
            "firstname": "Susan",
            "middleinitial": "E",
            "lastname": "Shadle",
            "percentcontribution": "0",
            "sameschoolflag": 1,
            "facultyid": "111110041",
            "authorid": 62722,
            "scholarlyactivityid": 14978
        },
        "62723": {
            "firstname": "Ronald",
            "middleinitial": "Eric",
            "lastname": "Landrum",
            "percentcontribution": "0",
            "sameschoolflag": 1,
            "facultyid": "111110323",
            "authorid": 62723,
            "scholarlyactivityid": 14978
        },
        "62724": {
            "firstname": "Vicki",
            "middleinitial": "",
            "lastname": "Stieha",
            "percentcontribution": "0",
            "sameschoolflag": 1,
            "facultyid": "113122305",
            "authorid": 62724,
            "scholarlyactivityid": 14978
        },
        "62725": {
            "firstname": "Karen",
            "middleinitial": "",
            "lastname": "Viskupic",
            "percentcontribution": "0",
            "sameschoolflag": 1,
            "facultyid": "112003792",
            "authorid": 62725,
            "scholarlyactivityid": 14978
        },
        "62726": {
            "firstname": "Sasha",
            "middleinitial": "",
            "lastname": "Wang",
            "percentcontribution": "0",
            "sameschoolflag": 1,
            "facultyid": "113118296",
            "authorid": 62726,
            "scholarlyactivityid": 14978
        }
    },
    "status": [
        {
            "id": 14978,
            "status": "Completed/Published",
            "term": "Spring",
            "year": 2014,
            "termid": "2013/03",
            "listingorder": 6,
            "completionorder": 6
        }
    ],
    "userid": "111110323",
    "attachments": []
}