{
    "activityid": 14985,
    "fields": {
        "Type": "Poster Presentation",
        "Title of Presentation": "Persuading students: Video use in persuading student to develop soft skills",
        "Conference / Meeting Name": "Boise State University Undergraduate Research and Scholarship conference",
        "Conference Location": "Boise, ID",
        "Date or Date Range": "2013-04-30",
        "Actual/Projected Year of Publication/Presentation": 2013,
        "Sponsoring Organization": "",
        "Presenter(s)": null,
        "Web Address": "",
        "Description/Abstract": "",
        "Origin": "Other"
    },
    "facultyid": "111110323",
    "coauthors": {
        "62750": {
            "firstname": "Brittney",
            "middleinitial": "",
            "lastname": "Holcomb",
            "percentcontribution": "0",
            "sameschoolflag": 0,
            "facultyid": null,
            "authorid": 62750,
            "scholarlyactivityid": 14985
        },
        "62751": {
            "firstname": "Ronald",
            "middleinitial": "Eric",
            "lastname": "Landrum",
            "percentcontribution": "0",
            "sameschoolflag": 1,
            "facultyid": "111110323",
            "authorid": 62751,
            "scholarlyactivityid": 14985
        }
    },
    "status": [
        {
            "id": 14985,
            "status": "Completed/Published",
            "term": "Spring",
            "year": 2013,
            "termid": "2012/03",
            "listingorder": 6,
            "completionorder": 6
        }
    ],
    "userid": "111110323",
    "attachments": []
}