{
    "activityid": 14993,
    "fields": {
        "Type": "Poster Presentation",
        "Title of Presentation": "Career-decision making self-efficacy among college students with symptoms of ADD",
        "Conference / Meeting Name": "25th National Conference on Undergraduate Research",
        "Conference Location": "Odgen, UT",
        "Date or Date Range": "2012-03-31",
        "Actual/Projected Year of Publication/Presentation": 2012,
        "Sponsoring Organization": "25th National Conference on Undergraduate Research",
        "Presenter(s)": null,
        "Web Address": "",
        "Description/Abstract": "",
        "Origin": "Other"
    },
    "facultyid": "111110323",
    "coauthors": {
        "62776": {
            "firstname": "Charlotte",
            "middleinitial": "",
            "lastname": "Tomevi",
            "percentcontribution": "0",
            "sameschoolflag": 0,
            "facultyid": null,
            "authorid": 62776,
            "scholarlyactivityid": 14993
        },
        "62777": {
            "firstname": "Ronald",
            "middleinitial": "Eric",
            "lastname": "Landrum",
            "percentcontribution": "0",
            "sameschoolflag": 1,
            "facultyid": "111110323",
            "authorid": 62777,
            "scholarlyactivityid": 14993
        }
    },
    "status": [
        {
            "id": 14993,
            "status": "Completed/Published",
            "term": "Spring",
            "year": 2012,
            "termid": "2011/03",
            "listingorder": 6,
            "completionorder": 6
        }
    ],
    "userid": "111110323",
    "attachments": []
}