{
    "activityid": 14990,
    "fields": {
        "Type": "Poster Presentation",
        "Title of Presentation": "Student-based evidence for effective teaching: Changing impressions.",
        "Conference / Meeting Name": "Midwestern Psychological Association annual meeting, Chicago, IL",
        "Conference Location": "Midwestern Psychological Association annual meeting, Chicago, IL",
        "Date or Date Range": "2012-05-31",
        "Actual/Projected Year of Publication/Presentation": 2012,
        "Sponsoring Organization": "Midwestern Psychological Association annual meeting, Chicago, IL",
        "Presenter(s)": null,
        "Web Address": "",
        "Description/Abstract": "",
        "Origin": "Other"
    },
    "facultyid": "111110323",
    "coauthors": {
        "62767": {
            "firstname": "Ronald",
            "middleinitial": "Eric",
            "lastname": "Landrum",
            "percentcontribution": "0",
            "sameschoolflag": 1,
            "facultyid": "111110323",
            "authorid": 62767,
            "scholarlyactivityid": 14990
        },
        "62768": {
            "firstname": "Jeffrey",
            "middleinitial": "",
            "lastname": "Stowell",
            "percentcontribution": "0",
            "sameschoolflag": 0,
            "facultyid": null,
            "authorid": 62768,
            "scholarlyactivityid": 14990
        }
    },
    "status": [
        {
            "id": 14990,
            "status": "Completed/Published",
            "term": "Spring",
            "year": 2012,
            "termid": "2011/03",
            "listingorder": 6,
            "completionorder": 6
        }
    ],
    "userid": "111110323",
    "attachments": []
}