{
    "activityid": 15001,
    "fields": {
        "Type": "Poster Presentation",
        "Title of Presentation": "Teacher videos: Normative data about student ratings of eight key teaching behaviors",
        "Conference / Meeting Name": "Rocky Mountain Psychological Association ",
        "Conference Location": "Salt Lake City, UT",
        "Date or Date Range": "2011-04-30",
        "Actual/Projected Year of Publication/Presentation": 2011,
        "Sponsoring Organization": "",
        "Presenter(s)": null,
        "Web Address": "",
        "Description/Abstract": "",
        "Origin": "Other"
    },
    "facultyid": "111110323",
    "coauthors": {
        "62815": {
            "firstname": "Cade",
            "middleinitial": "",
            "lastname": "Hulbert",
            "percentcontribution": "0",
            "sameschoolflag": 0,
            "facultyid": null,
            "authorid": 62815,
            "scholarlyactivityid": 15001
        },
        "62816": {
            "firstname": "Kristin",
            "middleinitial": "",
            "lastname": "Batten",
            "percentcontribution": "0",
            "sameschoolflag": 0,
            "facultyid": null,
            "authorid": 62816,
            "scholarlyactivityid": 15001
        },
        "62817": {
            "firstname": "Jessica",
            "middleinitial": "",
            "lastname": "Kesler",
            "percentcontribution": "0",
            "sameschoolflag": 0,
            "facultyid": null,
            "authorid": 62817,
            "scholarlyactivityid": 15001
        },
        "62818": {
            "firstname": "Carly",
            "middleinitial": "",
            "lastname": "Gintz",
            "percentcontribution": "0",
            "sameschoolflag": 0,
            "facultyid": null,
            "authorid": 62818,
            "scholarlyactivityid": 15001
        },
        "62819": {
            "firstname": "Jeffrey",
            "middleinitial": "",
            "lastname": "Stowell",
            "percentcontribution": "0",
            "sameschoolflag": 0,
            "facultyid": null,
            "authorid": 62819,
            "scholarlyactivityid": 15001
        },
        "62820": {
            "firstname": "Ronald",
            "middleinitial": "Eric",
            "lastname": "Landrum",
            "percentcontribution": "0",
            "sameschoolflag": 1,
            "facultyid": "111110323",
            "authorid": 62820,
            "scholarlyactivityid": 15001
        }
    },
    "status": [
        {
            "id": 15001,
            "status": "Completed/Published",
            "term": "Spring",
            "year": 2011,
            "termid": "2010/03",
            "listingorder": 6,
            "completionorder": 6
        }
    ],
    "userid": "111110323",
    "attachments": []
}