{
    "activityid": 15004,
    "fields": {
        "Type": "Poster Presentation",
        "Title of Presentation": "Introductory psychology students learn concepts and acquire skills: Which are most important? ",
        "Conference / Meeting Name": "Northwest Nazarene University Psychology Research Forum",
        "Conference Location": "Nampa, ID",
        "Date or Date Range": "2010-04-30",
        "Actual/Projected Year of Publication/Presentation": 2010,
        "Sponsoring Organization": "",
        "Presenter(s)": null,
        "Web Address": "",
        "Description/Abstract": "",
        "Origin": "Other"
    },
    "facultyid": "111110323",
    "coauthors": {
        "62828": {
            "firstname": "Brad",
            "middleinitial": "",
            "lastname": "Smith",
            "percentcontribution": "0",
            "sameschoolflag": 0,
            "facultyid": null,
            "authorid": 62828,
            "scholarlyactivityid": 15004
        },
        "62829": {
            "firstname": "Cade",
            "middleinitial": "",
            "lastname": "Hulbert",
            "percentcontribution": "0",
            "sameschoolflag": 0,
            "facultyid": null,
            "authorid": 62829,
            "scholarlyactivityid": 15004
        },
        "62830": {
            "firstname": "Kristin",
            "middleinitial": "",
            "lastname": "Batten",
            "percentcontribution": "0",
            "sameschoolflag": 0,
            "facultyid": null,
            "authorid": 62830,
            "scholarlyactivityid": 15004
        },
        "62831": {
            "firstname": "LaLania",
            "middleinitial": "",
            "lastname": "Woodstrom",
            "percentcontribution": "0",
            "sameschoolflag": 0,
            "facultyid": null,
            "authorid": 62831,
            "scholarlyactivityid": 15004
        },
        "62832": {
            "firstname": "Aja",
            "middleinitial": "",
            "lastname": "Taitano",
            "percentcontribution": "0",
            "sameschoolflag": 0,
            "facultyid": null,
            "authorid": 62832,
            "scholarlyactivityid": 15004
        },
        "62833": {
            "firstname": "Ronald",
            "middleinitial": "Eric",
            "lastname": "Landrum",
            "percentcontribution": "0",
            "sameschoolflag": 1,
            "facultyid": "111110323",
            "authorid": 62833,
            "scholarlyactivityid": 15004
        },
        "62834": {
            "firstname": "Regan",
            "middleinitial": "A.R.",
            "lastname": "Gurung",
            "percentcontribution": "0",
            "sameschoolflag": 0,
            "facultyid": null,
            "authorid": 62834,
            "scholarlyactivityid": 15004
        }
    },
    "status": [
        {
            "id": 15004,
            "status": "Completed/Published",
            "term": "Spring",
            "year": 2010,
            "termid": "2009/03",
            "listingorder": 6,
            "completionorder": 6
        }
    ],
    "userid": "111110323",
    "attachments": []
}