{
    "activityid": 15009,
    "fields": {
        "Type": "Presentation",
        "Title of Presentation": "Conversations about ethics and education",
        "Conference/Meeting Name": " APA Education Leadership Conference",
        "Conference Location": "Washington, DC",
        "Date or Date Range": "2013-09-30",
        "Actual/Projected Year of Publication/Presentation": 2013,
        "Sponsoring Organization": "",
        "Presenter(s)": null,
        "Web Address": "",
        "Description/Abstract": "",
        "Origin": "Other"
    },
    "facultyid": "111110323",
    "coauthors": {
        "62863": {
            "firstname": "Ronald",
            "middleinitial": "Eric",
            "lastname": "Landrum",
            "percentcontribution": "0",
            "sameschoolflag": 1,
            "facultyid": "111110323",
            "authorid": 62863,
            "scholarlyactivityid": 15009
        }
    },
    "status": [
        {
            "id": 15009,
            "status": "Completed/Published",
            "term": "Fall",
            "year": 2013,
            "termid": "2013/02",
            "listingorder": 6,
            "completionorder": 6
        }
    ],
    "userid": "111110323",
    "attachments": []
}