{
    "activityid": 15007,
    "fields": {
        "Type": "Poster Presentation",
        "Title of Presentation": "Pedagogical decisions about the use of electronic textbooks",
        "Conference / Meeting Name": "Rocky Mountain Psychological Association",
        "Conference Location": "Denver, CO",
        "Date or Date Range": "2010-04-30",
        "Actual/Projected Year of Publication/Presentation": 2010,
        "Sponsoring Organization": "",
        "Presenter(s)": null,
        "Web Address": "",
        "Description/Abstract": "",
        "Origin": "Other"
    },
    "facultyid": "111110323",
    "coauthors": {
        "62849": {
            "firstname": "LaLania",
            "middleinitial": "",
            "lastname": "Woodstrom",
            "percentcontribution": "0",
            "sameschoolflag": 0,
            "facultyid": null,
            "authorid": 62849,
            "scholarlyactivityid": 15007
        },
        "62850": {
            "firstname": "Aja",
            "middleinitial": "",
            "lastname": "Taitano",
            "percentcontribution": "0",
            "sameschoolflag": 0,
            "facultyid": null,
            "authorid": 62850,
            "scholarlyactivityid": 15007
        },
        "62851": {
            "firstname": "Brad",
            "middleinitial": "",
            "lastname": "Smith",
            "percentcontribution": "0",
            "sameschoolflag": 0,
            "facultyid": null,
            "authorid": 62851,
            "scholarlyactivityid": 15007
        },
        "62852": {
            "firstname": "Cade",
            "middleinitial": "",
            "lastname": "Hulbert",
            "percentcontribution": "0",
            "sameschoolflag": 0,
            "facultyid": null,
            "authorid": 62852,
            "scholarlyactivityid": 15007
        },
        "62853": {
            "firstname": "Kristin",
            "middleinitial": "",
            "lastname": "Batten",
            "percentcontribution": "0",
            "sameschoolflag": 0,
            "facultyid": null,
            "authorid": 62853,
            "scholarlyactivityid": 15007
        },
        "62854": {
            "firstname": "Regan",
            "middleinitial": "A.R.",
            "lastname": "Gurung",
            "percentcontribution": "0",
            "sameschoolflag": 0,
            "facultyid": null,
            "authorid": 62854,
            "scholarlyactivityid": 15007
        },
        "62855": {
            "firstname": "Ronald",
            "middleinitial": "Eric",
            "lastname": "Landrum",
            "percentcontribution": "0",
            "sameschoolflag": 1,
            "facultyid": "111110323",
            "authorid": 62855,
            "scholarlyactivityid": 15007
        }
    },
    "status": [
        {
            "id": 15007,
            "status": "Completed/Published",
            "term": "Spring",
            "year": 2010,
            "termid": "2009/03",
            "listingorder": 6,
            "completionorder": 6
        }
    ],
    "userid": "111110323",
    "attachments": []
}