{
    "activityid": 15019,
    "fields": {
        "Type": "Presentation",
        "Title of Presentation": "\u2026Or, hybrid courses and flipped classrooms",
        "Conference/Meeting Name": "Great Ideas for Teaching and Learning Symposium 2013",
        "Conference Location": "Boise, ID",
        "Date or Date Range": "2013-01-31",
        "Actual/Projected Year of Publication/Presentation": 2013,
        "Sponsoring Organization": "",
        "Presenter(s)": null,
        "Web Address": "",
        "Description/Abstract": "",
        "Origin": "Other"
    },
    "facultyid": "111110323",
    "coauthors": {
        "62876": {
            "firstname": "Ronald",
            "middleinitial": "Eric",
            "lastname": "Landrum",
            "percentcontribution": "0",
            "sameschoolflag": 1,
            "facultyid": "111110323",
            "authorid": 62876,
            "scholarlyactivityid": 15019
        }
    },
    "status": [
        {
            "id": 15019,
            "status": "Completed/Published",
            "term": "Spring",
            "year": 2013,
            "termid": "2012/03",
            "listingorder": 6,
            "completionorder": 6
        }
    ],
    "userid": "111110323",
    "attachments": []
}