{
    "activityid": 15013,
    "fields": {
        "Type": "Presentation",
        "Title of Presentation": "Speed mentoring",
        "Conference/Meeting Name": "Midwestern Psychological Association",
        "Conference Location": "Chicago, IL",
        "Date or Date Range": "2015-05-31",
        "Actual/Projected Year of Publication/Presentation": 2015,
        "Sponsoring Organization": "Psi Chi",
        "Presenter(s)": null,
        "Web Address": "",
        "Description/Abstract": "",
        "Origin": "Other"
    },
    "facultyid": "111110323",
    "coauthors": {
        "62870": {
            "firstname": "Ronald",
            "middleinitial": "Eric",
            "lastname": "Landrum",
            "percentcontribution": "0",
            "sameschoolflag": 1,
            "facultyid": "111110323",
            "authorid": 62870,
            "scholarlyactivityid": 15013
        }
    },
    "status": [
        {
            "id": 15013,
            "status": "Completed/Published",
            "term": "Spring",
            "year": 2015,
            "termid": "2014/03",
            "listingorder": 6,
            "completionorder": 6
        }
    ],
    "userid": "111110323",
    "attachments": []
}