{
    "activityid": 15014,
    "fields": {
        "Type": "Presentation",
        "Title of Presentation": "Psychology matters: Helping undergraduates see real-life connections to psychological content ",
        "Conference/Meeting Name": "Rocky Mountain Psychological Association",
        "Conference Location": "Boise, ID",
        "Date or Date Range": "2015-04-30",
        "Actual/Projected Year of Publication/Presentation": 2015,
        "Sponsoring Organization": "",
        "Presenter(s)": null,
        "Web Address": "",
        "Description/Abstract": "",
        "Origin": "Other"
    },
    "facultyid": "111110323",
    "coauthors": {
        "62871": {
            "firstname": "Ronald",
            "middleinitial": "Eric",
            "lastname": "Landrum",
            "percentcontribution": "0",
            "sameschoolflag": 1,
            "facultyid": "111110323",
            "authorid": 62871,
            "scholarlyactivityid": 15014
        }
    },
    "status": [
        {
            "id": 15014,
            "status": "Completed/Published",
            "term": "Spring",
            "year": 2015,
            "termid": "2014/03",
            "listingorder": 6,
            "completionorder": 6
        }
    ],
    "userid": "111110323",
    "attachments": []
}