{
    "activityid": 15010,
    "fields": {
        "Type": "Presentation",
        "Title of Presentation": "The APA Undergraduate Guidelines and you: A round table discussion.",
        "Conference/Meeting Name": "26th Farmingdale State College annual conference on the Teaching of Psychology: Ideas &amp; Innovations",
        "Conference Location": "Tarrytown, NY",
        "Date or Date Range": "2012-03-31",
        "Actual/Projected Year of Publication/Presentation": 2012,
        "Sponsoring Organization": "26th Farmingdale State College annual conference on the Teaching of Psychology: Ideas &amp; Innovations",
        "Presenter(s)": null,
        "Web Address": "",
        "Description/Abstract": "",
        "Origin": "Other"
    },
    "facultyid": "111110323",
    "coauthors": {
        "62864": {
            "firstname": "Jane",
            "middleinitial": "S.",
            "lastname": "Halonen",
            "percentcontribution": "0",
            "sameschoolflag": 0,
            "facultyid": null,
            "authorid": 62864,
            "scholarlyactivityid": 15010
        },
        "62865": {
            "firstname": "Ronald",
            "middleinitial": "Eric",
            "lastname": "Landrum",
            "percentcontribution": "0",
            "sameschoolflag": 1,
            "facultyid": "111110323",
            "authorid": 62865,
            "scholarlyactivityid": 15010
        }
    },
    "status": [
        {
            "id": 15010,
            "status": "Completed/Published",
            "term": "Spring",
            "year": 2012,
            "termid": "2011/03",
            "listingorder": 6,
            "completionorder": 6
        }
    ],
    "userid": "111110323",
    "attachments": []
}