{
    "activityid": 15025,
    "fields": {
        "Type": "Presentation",
        "Title of Presentation": "Mentoring: Faculty roles, functions, characteristics, and skills",
        "Conference/Meeting Name": "American Psychological Association",
        "Conference Location": "San Diego, CA",
        "Date or Date Range": "2010-08-31",
        "Actual/Projected Year of Publication/Presentation": 2010,
        "Sponsoring Organization": "Psi Chi",
        "Presenter(s)": null,
        "Web Address": "",
        "Description/Abstract": "",
        "Origin": "Other"
    },
    "facultyid": "111110323",
    "coauthors": {
        "62891": {
            "firstname": "Ronald",
            "middleinitial": "Eric",
            "lastname": "Landrum",
            "percentcontribution": "0",
            "sameschoolflag": 1,
            "facultyid": "111110323",
            "authorid": 62891,
            "scholarlyactivityid": 15025
        }
    },
    "status": [
        {
            "id": 15025,
            "status": "Completed/Published",
            "term": "Summer",
            "year": 2010,
            "termid": "2010/01",
            "listingorder": 6,
            "completionorder": 6
        }
    ],
    "userid": "111110323",
    "attachments": []
}