{
    "activityid": 15032,
    "fields": {
        "Type": "Presentation",
        "Title of Presentation": "Using Camtasia workshop, including the flipped classroom and the use of video",
        "Conference/Meeting Name": "Academic Technologies Workshop",
        "Conference Location": "",
        "Date or Date Range": "2014-03-31",
        "Actual/Projected Year of Publication/Presentation": 2014,
        "Sponsoring Organization": "Academic Technologies Workshop",
        "Presenter(s)": null,
        "Web Address": "",
        "Description/Abstract": "",
        "Origin": "Other"
    },
    "facultyid": "111110323",
    "coauthors": {
        "62899": {
            "firstname": "Ronald",
            "middleinitial": "Eric",
            "lastname": "Landrum",
            "percentcontribution": "0",
            "sameschoolflag": 1,
            "facultyid": "111110323",
            "authorid": 62899,
            "scholarlyactivityid": 15032
        }
    },
    "status": [
        {
            "id": 15032,
            "status": "Completed/Published",
            "term": "Spring",
            "year": 2014,
            "termid": "2013/03",
            "listingorder": 6,
            "completionorder": 6
        }
    ],
    "userid": "111110323",
    "attachments": []
}