{
    "activityid": 15035,
    "fields": {
        "Type": "Presentation",
        "Title of Presentation": "Flipping your course",
        "Conference/Meeting Name": "Mobile Learning Summer Institute",
        "Conference Location": "Boise, ID",
        "Date or Date Range": "2013-05-31",
        "Actual/Projected Year of Publication/Presentation": 2013,
        "Sponsoring Organization": "",
        "Presenter(s)": null,
        "Web Address": "",
        "Description/Abstract": "",
        "Origin": "Other"
    },
    "facultyid": "111110323",
    "coauthors": {
        "62903": {
            "firstname": "Ronald",
            "middleinitial": "Eric",
            "lastname": "Landrum",
            "percentcontribution": "0",
            "sameschoolflag": 1,
            "facultyid": "111110323",
            "authorid": 62903,
            "scholarlyactivityid": 15035
        }
    },
    "status": [
        {
            "id": 15035,
            "status": "Completed/Published",
            "term": "Spring",
            "year": 2013,
            "termid": "2012/03",
            "listingorder": 6,
            "completionorder": 6
        }
    ],
    "userid": "111110323",
    "attachments": []
}