{
    "activityid": 15039,
    "fields": {
        "Type": "Presentation",
        "Title of Presentation": "Throwing DARTS at undergraduate psychology education: Design, assessment, retention, transfer, and skills",
        "Conference/Meeting Name": "Invited Colloquium presented for the Department of Psychology",
        "Conference Location": "Auckland, New Zealand",
        "Date or Date Range": "2012-03-31",
        "Actual/Projected Year of Publication/Presentation": 2012,
        "Sponsoring Organization": "Invited Colloquium presented for the Department of Psychology",
        "Presenter(s)": null,
        "Web Address": "",
        "Description/Abstract": "",
        "Origin": "Other"
    },
    "facultyid": "111110323",
    "coauthors": {
        "62907": {
            "firstname": "Ronald",
            "middleinitial": "Eric",
            "lastname": "Landrum",
            "percentcontribution": "0",
            "sameschoolflag": 1,
            "facultyid": "111110323",
            "authorid": 62907,
            "scholarlyactivityid": 15039
        }
    },
    "status": [
        {
            "id": 15039,
            "status": "Completed/Published",
            "term": "Spring",
            "year": 2012,
            "termid": "2011/03",
            "listingorder": 6,
            "completionorder": 6
        }
    ],
    "userid": "111110323",
    "attachments": []
}