{
    "activityid": 15033,
    "fields": {
        "Type": "Presentation",
        "Title of Presentation": "Teaching troublesome concepts: Helping students understand fundamental disciplinary ideas",
        "Conference/Meeting Name": "Active Learning @ Lunch presentation",
        "Conference Location": "Boise, ID",
        "Date or Date Range": "2013-09-30",
        "Actual/Projected Year of Publication/Presentation": 2013,
        "Sponsoring Organization": "Center for Teaching and Learning",
        "Presenter(s)": null,
        "Web Address": "",
        "Description/Abstract": "",
        "Origin": "Other"
    },
    "facultyid": "111110323",
    "coauthors": {
        "62900": {
            "firstname": "Heidi",
            "middleinitial": "Klareen",
            "lastname": "Estrem",
            "percentcontribution": "0",
            "sameschoolflag": 1,
            "facultyid": "112096853",
            "authorid": 62900,
            "scholarlyactivityid": 15033
        },
        "62901": {
            "firstname": "Ronald",
            "middleinitial": "Eric",
            "lastname": "Landrum",
            "percentcontribution": "0",
            "sameschoolflag": 1,
            "facultyid": "111110323",
            "authorid": 62901,
            "scholarlyactivityid": 15033
        }
    },
    "status": [
        {
            "id": 15033,
            "status": "Completed/Published",
            "term": "Fall",
            "year": 2013,
            "termid": "2013/02",
            "listingorder": 6,
            "completionorder": 6
        }
    ],
    "userid": "111110323",
    "attachments": []
}