{
    "activityid": 15045,
    "fields": {
        "Type": "Presentation",
        "Title of Presentation": "Choosing, implementing, and assessing APA\u2019s new guidelines for undergraduate psychology majors ",
        "Conference/Meeting Name": "Farmingdale State College Teaching of Psychology conference",
        "Conference Location": "Tarrytown, NY",
        "Date or Date Range": "2011-03-31",
        "Actual/Projected Year of Publication/Presentation": 2011,
        "Sponsoring Organization": "National Science Foundation-sponsored workshop",
        "Presenter(s)": null,
        "Web Address": "",
        "Description/Abstract": "",
        "Origin": "Other"
    },
    "facultyid": "111110323",
    "coauthors": {
        "62916": {
            "firstname": "Drew",
            "middleinitial": "",
            "lastname": "Appleby",
            "percentcontribution": "0",
            "sameschoolflag": 0,
            "facultyid": null,
            "authorid": 62916,
            "scholarlyactivityid": 15045
        },
        "62917": {
            "firstname": "Ronald",
            "middleinitial": "Eric",
            "lastname": "Landrum",
            "percentcontribution": "0",
            "sameschoolflag": 1,
            "facultyid": "111110323",
            "authorid": 62917,
            "scholarlyactivityid": 15045
        },
        "62918": {
            "firstname": "William",
            "middleinitial": "",
            "lastname": "Buskist",
            "percentcontribution": "0",
            "sameschoolflag": 0,
            "facultyid": null,
            "authorid": 62918,
            "scholarlyactivityid": 15045
        }
    },
    "status": [
        {
            "id": 15045,
            "status": "Completed/Published",
            "term": "Spring",
            "year": 2011,
            "termid": "2010/03",
            "listingorder": 6,
            "completionorder": 6
        }
    ],
    "userid": "111110323",
    "attachments": []
}