{
    "activityid": 15040,
    "fields": {
        "Type": "Presentation",
        "Title of Presentation": "Assessing active learning readiness and results with low-stakes clicker quizzes",
        "Conference/Meeting Name": "Academic Technologies/Center for Teaching and Learning Workshop",
        "Conference Location": "United States",
        "Date or Date Range": "2012-02-28",
        "Actual/Projected Year of Publication/Presentation": 2012,
        "Sponsoring Organization": "Boise State University",
        "Presenter(s)": null,
        "Web Address": "1910 University Drive, MS 1715",
        "Description/Abstract": "",
        "Origin": "Other"
    },
    "facultyid": "111110323",
    "coauthors": {
        "62908": {
            "firstname": "Allan",
            "middleinitial": "",
            "lastname": "Heaps",
            "percentcontribution": "0",
            "sameschoolflag": 0,
            "facultyid": null,
            "authorid": 62908,
            "scholarlyactivityid": 15040
        },
        "62909": {
            "firstname": "Ronald",
            "middleinitial": "Eric",
            "lastname": "Landrum",
            "percentcontribution": "0",
            "sameschoolflag": 1,
            "facultyid": "111110323",
            "authorid": 62909,
            "scholarlyactivityid": 15040
        }
    },
    "status": [
        {
            "id": 15040,
            "status": "Completed/Published",
            "term": "Spring",
            "year": 2012,
            "termid": "2011/03",
            "listingorder": 6,
            "completionorder": 6
        }
    ],
    "userid": "111110323",
    "attachments": []
}