{
    "activityid": 15047,
    "fields": {
        "Type": "Presentation",
        "Title of Presentation": "Assessing student skills in the undergraduate psychology major: A long road to be traveled (but with GPS navigation)",
        "Conference/Meeting Name": "Best Practices: Assessing Teaching and Learning in Psychology",
        "Conference Location": "Atlanta, GA",
        "Date or Date Range": "2010-10-31",
        "Actual/Projected Year of Publication/Presentation": 2010,
        "Sponsoring Organization": "Society for the Teaching of Psychology",
        "Presenter(s)": null,
        "Web Address": "",
        "Description/Abstract": "",
        "Origin": "Other"
    },
    "facultyid": "111110323",
    "coauthors": {
        "62920": {
            "firstname": "Ronald",
            "middleinitial": "Eric",
            "lastname": "Landrum",
            "percentcontribution": "0",
            "sameschoolflag": 1,
            "facultyid": "111110323",
            "authorid": 62920,
            "scholarlyactivityid": 15047
        },
        "62921": {
            "firstname": "Maureen",
            "middleinitial": "A.",
            "lastname": "McCarthy",
            "percentcontribution": "0",
            "sameschoolflag": 0,
            "facultyid": null,
            "authorid": 62921,
            "scholarlyactivityid": 15047
        }
    },
    "status": [
        {
            "id": 15047,
            "status": "Completed/Published",
            "term": "Fall",
            "year": 2010,
            "termid": "2010/02",
            "listingorder": 6,
            "completionorder": 6
        }
    ],
    "userid": "111110323",
    "attachments": []
}