{
    "activityid": 15041,
    "fields": {
        "Type": "Presentation",
        "Title of Presentation": "Signature pedagogies in the disciplines ",
        "Conference/Meeting Name": "Great ideas for Teaching and Learning Symposium",
        "Conference Location": "United States",
        "Date or Date Range": "2012-01-31",
        "Actual/Projected Year of Publication/Presentation": 2012,
        "Sponsoring Organization": "Boise State University",
        "Presenter(s)": null,
        "Web Address": "1910 University Drive, MS 1715",
        "Description/Abstract": "",
        "Origin": "Other"
    },
    "facultyid": "111110323",
    "coauthors": {
        "62910": {
            "firstname": "James",
            "middleinitial": "Anthony",
            "lastname": "Goodman",
            "percentcontribution": "0",
            "sameschoolflag": 1,
            "facultyid": "112100141",
            "authorid": 62910,
            "scholarlyactivityid": 15041
        },
        "62911": {
            "firstname": "Ronald",
            "middleinitial": "Eric",
            "lastname": "Landrum",
            "percentcontribution": "0",
            "sameschoolflag": 1,
            "facultyid": "111110323",
            "authorid": 62911,
            "scholarlyactivityid": 15041
        }
    },
    "status": [
        {
            "id": 15041,
            "status": "Completed/Published",
            "term": "Spring",
            "year": 2012,
            "termid": "2011/03",
            "listingorder": 6,
            "completionorder": 6
        }
    ],
    "userid": "111110323",
    "attachments": []
}