{
    "activityid": 15145,
    "fields": {
        "Type": "Presentation",
        "Title of Presentation": "How To Translate The Untold",
        "Conference/Meeting Name": "International Day of the Basque Language",
        "Conference Location": "University of Nevada, Reno",
        "Date or Date Range": "2013-12-03",
        "Actual/Projected Year of Publication/Presentation": 2013,
        "Sponsoring Organization": "Center for Basque Studies",
        "Presenter(s)": null,
        "Web Address": "",
        "Description/Abstract": "",
        "Origin": "Other"
    },
    "facultyid": "111113612",
    "coauthors": {
        "63105": {
            "firstname": "Nerea",
            "middleinitial": "",
            "lastname": "Lete",
            "percentcontribution": "0",
            "sameschoolflag": 1,
            "facultyid": "111113612",
            "authorid": 63105,
            "scholarlyactivityid": 15145
        }
    },
    "status": [
        {
            "id": 15145,
            "status": "Completed/Published",
            "term": "Fall",
            "year": 2013,
            "termid": "2013/02",
            "listingorder": 6,
            "completionorder": 6
        }
    ],
    "userid": "111113612",
    "attachments": []
}