{
    "activityid": 15146,
    "fields": {
        "Type": "Presentation",
        "Title of Presentation": "Basque Language Teaching-Methods",
        "Conference/Meeting Name": "NABO- Basque Language Teaching-Methods for Instructors of Basque",
        "Conference Location": "Basque Museum and Cultural Center Boise, Idaho",
        "Date or Date Range": "2011-10-31",
        "Actual/Projected Year of Publication/Presentation": 2011,
        "Sponsoring Organization": "NABO- North American Basque Organizations",
        "Presenter(s)": null,
        "Web Address": "",
        "Description/Abstract": "",
        "Origin": "Other"
    },
    "facultyid": "111113612",
    "coauthors": {
        "63106": {
            "firstname": "Nerea",
            "middleinitial": "",
            "lastname": "Lete",
            "percentcontribution": "0",
            "sameschoolflag": 1,
            "facultyid": "111113612",
            "authorid": 63106,
            "scholarlyactivityid": 15146
        }
    },
    "status": [
        {
            "id": 15146,
            "status": "Completed/Published",
            "term": "Fall",
            "year": 2011,
            "termid": "2011/02",
            "listingorder": 6,
            "completionorder": 6
        }
    ],
    "userid": "111113612",
    "attachments": []
}