{
    "activityid": 15140,
    "fields": {
        "Type": "Presentation",
        "Title of Presentation": "Translation: An Open Window to the World",
        "Conference/Meeting Name": "Basque Film Festival",
        "Conference Location": "Moscow, Idaho",
        "Date or Date Range": "2013-02-19",
        "Actual/Projected Year of Publication/Presentation": 2013,
        "Sponsoring Organization": "University of Idaho",
        "Presenter(s)": null,
        "Web Address": "",
        "Description/Abstract": "",
        "Origin": "Other"
    },
    "facultyid": "111113612",
    "coauthors": {
        "63100": {
            "firstname": "Nerea",
            "middleinitial": "",
            "lastname": "Lete",
            "percentcontribution": "0",
            "sameschoolflag": 1,
            "facultyid": "111113612",
            "authorid": 63100,
            "scholarlyactivityid": 15140
        }
    },
    "status": [
        {
            "id": 15140,
            "status": "Completed/Published",
            "term": "Spring",
            "year": 2013,
            "termid": "2012/03",
            "listingorder": 6,
            "completionorder": 6
        }
    ],
    "userid": "111113612",
    "attachments": []
}