{
    "activityid": 15143,
    "fields": {
        "Type": "Presentation",
        "Title of Presentation": "Bilingual Reading of &quot;Two Letters All at Once&quot;  by Bernardo Atxaga",
        "Conference/Meeting Name": "Translating Voices: Where the Great Plains Meet the World",
        "Conference Location": "Kansas CIty",
        "Date or Date Range": "2011-11-30",
        "Actual/Projected Year of Publication/Presentation": 2011,
        "Sponsoring Organization": "ALTA American Translators Association",
        "Presenter(s)": null,
        "Web Address": "",
        "Description/Abstract": "",
        "Origin": "Other"
    },
    "facultyid": "111113612",
    "coauthors": {
        "63103": {
            "firstname": "Nerea",
            "middleinitial": "",
            "lastname": "Lete",
            "percentcontribution": "0",
            "sameschoolflag": 1,
            "facultyid": "111113612",
            "authorid": 63103,
            "scholarlyactivityid": 15143
        }
    },
    "status": [
        {
            "id": 15143,
            "status": "Completed/Published",
            "term": "Fall",
            "year": 2011,
            "termid": "2011/02",
            "listingorder": 6,
            "completionorder": 6
        }
    ],
    "userid": "111113612",
    "attachments": []
}