{
    "activityid": 15168,
    "fields": {
        "Type": "Presentation",
        "Title of Presentation": "Getting Graphic About Infographics: Strategies for Incorporating Visuals in the Classroom",
        "Conference/Meeting Name": "Learn-IT 2015",
        "Conference Location": "DeKalb, IL",
        "Date or Date Range": "2015-05-31",
        "Actual/Projected Year of Publication/Presentation": 2015,
        "Sponsoring Organization": "",
        "Presenter(s)": null,
        "Web Address": "",
        "Description/Abstract": "",
        "Origin": "Other"
    },
    "facultyid": "113116836",
    "coauthors": {
        "63161": {
            "firstname": "Patrick",
            "middleinitial": "",
            "lastname": "Lowenthal",
            "percentcontribution": "0",
            "sameschoolflag": 1,
            "facultyid": "113116836",
            "authorid": 63161,
            "scholarlyactivityid": 15168
        }
    },
    "status": [
        {
            "id": 15168,
            "status": "Completed/Published",
            "term": "Spring",
            "year": 2015,
            "termid": "2014/03",
            "listingorder": 6,
            "completionorder": 6
        }
    ],
    "userid": "113116836",
    "attachments": []
}