{
    "activityid": 15173,
    "fields": {
        "Type": "Presentation",
        "Title of Presentation": " Instructor perceptions of integrating mobile devices in the classroom",
        "Conference/Meeting Name": "WICHE Cooperative for Educational Technologies annual conference",
        "Conference Location": "Portland, OR",
        "Date or Date Range": "2014, November",
        "Actual/Projected Year of Publication/Presentation": 2014,
        "Sponsoring Organization": "",
        "Presenter(s)": null,
        "Web Address": "",
        "Description/Abstract": "",
        "Origin": "Other"
    },
    "facultyid": "113116836",
    "coauthors": {
        "146126": {
            "firstname": "Devshikha",
            "middleinitial": "",
            "lastname": "Bose",
            "percentcontribution": "",
            "sameschoolflag": 0,
            "facultyid": null,
            "authorid": 146126,
            "scholarlyactivityid": 15173
        },
        "146127": {
            "firstname": "Patrick",
            "middleinitial": "R.",
            "lastname": "Lowenthal",
            "percentcontribution": "",
            "sameschoolflag": 1,
            "facultyid": "113116836",
            "authorid": 146127,
            "scholarlyactivityid": 15173
        }
    },
    "status": [
        {
            "id": 15173,
            "status": "Completed/Published",
            "term": "Fall",
            "year": 2014,
            "termid": "2014/02",
            "listingorder": 6,
            "completionorder": 6
        }
    ],
    "userid": "113116836",
    "attachments": []
}