{
    "activityid": 15177,
    "fields": {
        "Type": "Presentation",
        "Title of Presentation": "Building online community",
        "Conference/Meeting Name": "Digital Ecosystems of Boise State University",
        "Conference Location": "Boise, ID",
        "Date or Date Range": "2014-11-30",
        "Actual/Projected Year of Publication/Presentation": 2014,
        "Sponsoring Organization": "",
        "Presenter(s)": null,
        "Web Address": "",
        "Description/Abstract": "",
        "Origin": "Other"
    },
    "facultyid": "113116836",
    "coauthors": {
        "63173": {
            "firstname": "Patrick",
            "middleinitial": "",
            "lastname": "Lowenthal",
            "percentcontribution": "0",
            "sameschoolflag": 1,
            "facultyid": "113116836",
            "authorid": 63173,
            "scholarlyactivityid": 15177
        }
    },
    "status": [
        {
            "id": 15177,
            "status": "Completed/Published",
            "term": "Fall",
            "year": 2014,
            "termid": "2014/02",
            "listingorder": 6,
            "completionorder": 6
        }
    ],
    "userid": "113116836",
    "attachments": []
}