{
    "activityid": 15179,
    "fields": {
        "Type": "Presentation",
        "Title of Presentation": "Social presence online: Three research lenses",
        "Conference/Meeting Name": "Presentation at the 21st annual Online Learning Consortium International Conference",
        "Conference Location": "Orlando, FL",
        "Date or Date Range": "2015, October",
        "Actual/Projected Year of Publication/Presentation": 2015,
        "Sponsoring Organization": "",
        "Presenter(s)": null,
        "Web Address": "",
        "Description/Abstract": "",
        "Origin": "Other"
    },
    "facultyid": "113116836",
    "coauthors": {
        "145863": {
            "firstname": "Karen",
            "middleinitial": "",
            "lastname": "Swan",
            "percentcontribution": "",
            "sameschoolflag": 0,
            "facultyid": null,
            "authorid": 145863,
            "scholarlyactivityid": 15179
        },
        "145864": {
            "firstname": "Amy",
            "middleinitial": "",
            "lastname": "Garrett Dikkers",
            "percentcontribution": "",
            "sameschoolflag": 0,
            "facultyid": null,
            "authorid": 145864,
            "scholarlyactivityid": 15179
        },
        "145865": {
            "firstname": "Aimee",
            "middleinitial": "",
            "lastname": "Whiteside",
            "percentcontribution": "",
            "sameschoolflag": 0,
            "facultyid": null,
            "authorid": 145865,
            "scholarlyactivityid": 15179
        },
        "145866": {
            "firstname": "Phil",
            "middleinitial": "",
            "lastname": "Ice",
            "percentcontribution": "",
            "sameschoolflag": 0,
            "facultyid": null,
            "authorid": 145866,
            "scholarlyactivityid": 15179
        },
        "145867": {
            "firstname": "Patrick",
            "middleinitial": "",
            "lastname": "Lowenthal",
            "percentcontribution": "",
            "sameschoolflag": 1,
            "facultyid": "113116836",
            "authorid": 145867,
            "scholarlyactivityid": 15179
        }
    },
    "status": [
        {
            "id": 15179,
            "status": "Completed/Published",
            "term": "Fall",
            "year": 2015,
            "termid": "2015/02",
            "listingorder": 6,
            "completionorder": 6
        }
    ],
    "userid": "113116836",
    "attachments": []
}