{
    "activityid": 15178,
    "fields": {
        "Type": "Presentation",
        "Title of Presentation": " Moving Beyond Two Posts a Week and Three Replies: Thinking Differently About Threaded Discussions",
        "Conference/Meeting Name": "Active Learning @ Lunch",
        "Conference Location": "Boise, ID",
        "Date or Date Range": "2014-03-31",
        "Actual/Projected Year of Publication/Presentation": 2014,
        "Sponsoring Organization": "Center for Teaching &amp; Learning, Boise State University",
        "Presenter(s)": null,
        "Web Address": "",
        "Description/Abstract": "",
        "Origin": "Other"
    },
    "facultyid": "113116836",
    "coauthors": {
        "63174": {
            "firstname": "Patrick",
            "middleinitial": "",
            "lastname": "Lowenthal",
            "percentcontribution": "0",
            "sameschoolflag": 1,
            "facultyid": "113116836",
            "authorid": 63174,
            "scholarlyactivityid": 15178
        }
    },
    "status": [
        {
            "id": 15178,
            "status": "Completed/Published",
            "term": "Spring",
            "year": 2014,
            "termid": "2013/03",
            "listingorder": 6,
            "completionorder": 6
        }
    ],
    "userid": "113116836",
    "attachments": []
}