{
    "activityid": 15176,
    "fields": {
        "Type": "Presentation",
        "Title of Presentation": "Creating an intentional web presence: Strategies for educational technology profession",
        "Conference/Meeting Name": " Presentation at the Idaho Conference on Undergraduate Research",
        "Conference Location": "Boise, ID",
        "Date or Date Range": "2015, July",
        "Actual/Projected Year of Publication/Presentation": 2015,
        "Sponsoring Organization": "",
        "Presenter(s)": null,
        "Web Address": "",
        "Description/Abstract": "",
        "Origin": "Other"
    },
    "facultyid": "113116836",
    "coauthors": {
        "146135": {
            "firstname": "Patrick",
            "middleinitial": "R.",
            "lastname": "Lowenthal",
            "percentcontribution": "",
            "sameschoolflag": 1,
            "facultyid": "113116836",
            "authorid": 146135,
            "scholarlyactivityid": 15176
        }
    },
    "status": [
        {
            "id": 15176,
            "status": "Completed/Published",
            "term": "Summer",
            "year": 2015,
            "termid": "2015/01",
            "listingorder": 6,
            "completionorder": 6
        }
    ],
    "userid": "113116836",
    "attachments": []
}