{
    "activityid": 15183,
    "fields": {
        "Type": "Presentation",
        "Title of Presentation": "Determining design guidelines for instructional infographics",
        "Conference/Meeting Name": "Paper presented at the Association for Educational Communications and Technology International Convention",
        "Conference Location": "Jacksonville, FL",
        "Date or Date Range": "2014, November",
        "Actual/Projected Year of Publication/Presentation": 2014,
        "Sponsoring Organization": "Association for Educational Communications and Technology",
        "Presenter(s)": null,
        "Web Address": "",
        "Description/Abstract": "",
        "Origin": "Other"
    },
    "facultyid": "113116836",
    "coauthors": {
        "145879": {
            "firstname": "Joanna",
            "middleinitial": "C.",
            "lastname": "Dunlap",
            "percentcontribution": "",
            "sameschoolflag": 0,
            "facultyid": null,
            "authorid": 145879,
            "scholarlyactivityid": 15183
        },
        "145880": {
            "firstname": "Patrick",
            "middleinitial": "R.",
            "lastname": "Lowenthal",
            "percentcontribution": "",
            "sameschoolflag": 1,
            "facultyid": "113116836",
            "authorid": 145880,
            "scholarlyactivityid": 15183
        }
    },
    "status": [
        {
            "id": 15183,
            "status": "Completed/Published",
            "term": "Fall",
            "year": 2014,
            "termid": "2014/02",
            "listingorder": 6,
            "completionorder": 6
        }
    ],
    "userid": "113116836",
    "attachments": []
}