{
    "activityid": 15186,
    "fields": {
        "Type": "Presentation",
        "Title of Presentation": "If you record it, will they watch it? And will it matter? Exploring student perceptions of online video",
        "Conference/Meeting Name": "Paper presented at the Annual Conference on Distance Teaching &amp; Learning",
        "Conference Location": "Madison, WI",
        "Date or Date Range": "2014, August",
        "Actual/Projected Year of Publication/Presentation": 2014,
        "Sponsoring Organization": "",
        "Presenter(s)": null,
        "Web Address": "",
        "Description/Abstract": "",
        "Origin": "Other"
    },
    "facultyid": "113116836",
    "coauthors": {
        "145899": {
            "firstname": "Patrick",
            "middleinitial": "R.",
            "lastname": "Lowenthal",
            "percentcontribution": "",
            "sameschoolflag": 1,
            "facultyid": "113116836",
            "authorid": 145899,
            "scholarlyactivityid": 15186
        }
    },
    "status": [
        {
            "id": 15186,
            "status": "Completed/Published",
            "term": "Summer",
            "year": 2014,
            "termid": "2014/01",
            "listingorder": 6,
            "completionorder": 6
        }
    ],
    "userid": "113116836",
    "attachments": []
}