{
    "activityid": 15189,
    "fields": {
        "Type": "Presentation",
        "Title of Presentation": "In search of quality: An analysis of MOOC course structure and design",
        "Conference/Meeting Name": "Paper presented at the Association for Educational Communications and Technology International Convention",
        "Conference Location": "Anaheim, CA",
        "Date or Date Range": "2013, November",
        "Actual/Projected Year of Publication/Presentation": 2013,
        "Sponsoring Organization": "",
        "Presenter(s)": null,
        "Web Address": "",
        "Description/Abstract": "",
        "Origin": "Other"
    },
    "facultyid": "113116836",
    "coauthors": {
        "145930": {
            "firstname": "Charles",
            "middleinitial": "",
            "lastname": "Hodges",
            "percentcontribution": "",
            "sameschoolflag": 0,
            "facultyid": null,
            "authorid": 145930,
            "scholarlyactivityid": 15189
        },
        "145931": {
            "firstname": "Patrick",
            "middleinitial": "R.",
            "lastname": "Lowenthal",
            "percentcontribution": "",
            "sameschoolflag": 1,
            "facultyid": "113116836",
            "authorid": 145931,
            "scholarlyactivityid": 15189
        }
    },
    "status": [
        {
            "id": 15189,
            "status": "Completed/Published",
            "term": "Fall",
            "year": 2013,
            "termid": "2013/02",
            "listingorder": 6,
            "completionorder": 6
        }
    ],
    "userid": "113116836",
    "attachments": []
}