{
    "activityid": 15191,
    "fields": {
        "Type": "Presentation",
        "Title of Presentation": "Orienting online students during the first week of class and beyond",
        "Conference/Meeting Name": "Paper presented at the Association for Educational Communications and Technology International Convention",
        "Conference Location": "Anaheim, CA",
        "Date or Date Range": "2013, November",
        "Actual/Projected Year of Publication/Presentation": 2013,
        "Sponsoring Organization": "",
        "Presenter(s)": null,
        "Web Address": "",
        "Description/Abstract": "",
        "Origin": "Other"
    },
    "facultyid": "113116836",
    "coauthors": {
        "145925": {
            "firstname": "Joanna",
            "middleinitial": "C.",
            "lastname": "Dunlap",
            "percentcontribution": "",
            "sameschoolflag": 0,
            "facultyid": null,
            "authorid": 145925,
            "scholarlyactivityid": 15191
        },
        "145926": {
            "firstname": "Patrick",
            "middleinitial": "R.",
            "lastname": "Lowenthal",
            "percentcontribution": "",
            "sameschoolflag": 1,
            "facultyid": "113116836",
            "authorid": 145926,
            "scholarlyactivityid": 15191
        }
    },
    "status": [
        {
            "id": 15191,
            "status": "Completed/Published",
            "term": "Fall",
            "year": 2013,
            "termid": "2013/02",
            "listingorder": 6,
            "completionorder": 6
        }
    ],
    "userid": "113116836",
    "attachments": []
}