{
    "activityid": 15196,
    "fields": {
        "Type": "Presentation",
        "Title of Presentation": "Web presence and search engine optimization for academics: Rethinking scholarship and knowledge dissemination in a  \u201cgoogle world&quot;",
        "Conference/Meeting Name": "Paper presented at the Association for Educational Communications and Technology International Convention",
        "Conference Location": "Louisville, KY",
        "Date or Date Range": "2012, November",
        "Actual/Projected Year of Publication/Presentation": 2012,
        "Sponsoring Organization": "Association for Educational Communications and Technology",
        "Presenter(s)": null,
        "Web Address": "",
        "Description/Abstract": "",
        "Origin": "Other"
    },
    "facultyid": "113116836",
    "coauthors": {
        "145960": {
            "firstname": "Patrick",
            "middleinitial": "R.",
            "lastname": "Lowenthal",
            "percentcontribution": "",
            "sameschoolflag": 1,
            "facultyid": "113116836",
            "authorid": 145960,
            "scholarlyactivityid": 15196
        },
        "145961": {
            "firstname": "Joanna",
            "middleinitial": "C.",
            "lastname": "Dunlap",
            "percentcontribution": "",
            "sameschoolflag": 0,
            "facultyid": null,
            "authorid": 145961,
            "scholarlyactivityid": 15196
        }
    },
    "status": [
        {
            "id": 15196,
            "status": "Completed/Published",
            "term": "Fall",
            "year": 2012,
            "termid": "2012/02",
            "listingorder": 6,
            "completionorder": 6
        }
    ],
    "userid": "113116836",
    "attachments": []
}