{
    "activityid": 15192,
    "fields": {
        "Type": "Presentation",
        "Title of Presentation": "Scholar's Perceptions of Open Access Journals in Educational Technology",
        "Conference/Meeting Name": "Annual Conference of the Association for Educational Communications and Technology",
        "Conference Location": "Anaheim, CA",
        "Date or Date Range": "2013-10-31",
        "Actual/Projected Year of Publication/Presentation": 2013,
        "Sponsoring Organization": "Association for Educational Communications and Technology",
        "Presenter(s)": null,
        "Web Address": "",
        "Description/Abstract": "",
        "Origin": "Other"
    },
    "facultyid": "113116836",
    "coauthors": {
        "63204": {
            "firstname": "Ross",
            "middleinitial": "Andrew",
            "lastname": "Perkins",
            "percentcontribution": "0",
            "sameschoolflag": 1,
            "facultyid": "112180039",
            "authorid": 63204,
            "scholarlyactivityid": 15192
        },
        "63205": {
            "firstname": "Patrick",
            "middleinitial": "",
            "lastname": "Lowenthal",
            "percentcontribution": "0",
            "sameschoolflag": 1,
            "facultyid": "113116836",
            "authorid": 63205,
            "scholarlyactivityid": 15192
        }
    },
    "status": [
        {
            "id": 15192,
            "status": "Completed/Published",
            "term": "Fall",
            "year": 2013,
            "termid": "2013/02",
            "listingorder": 6,
            "completionorder": 6
        }
    ],
    "userid": "113116836",
    "attachments": []
}