{
    "activityid": 15201,
    "fields": {
        "Type": "Presentation",
        "Title of Presentation": "Investigating students\u2019 perceptions of various  instructional strategies to establish social presence",
        "Conference/Meeting Name": "Paper presented at the annual meeting of the American Educational Research Association",
        "Conference Location": "New Orleans, LA",
        "Date or Date Range": "2011, April",
        "Actual/Projected Year of Publication/Presentation": 2011,
        "Sponsoring Organization": "",
        "Presenter(s)": null,
        "Web Address": "",
        "Description/Abstract": "",
        "Origin": "Other"
    },
    "facultyid": "113116836",
    "coauthors": {
        "145979": {
            "firstname": "Patrick",
            "middleinitial": "R.",
            "lastname": "Lowenthal",
            "percentcontribution": "",
            "sameschoolflag": 1,
            "facultyid": "113116836",
            "authorid": 145979,
            "scholarlyactivityid": 15201
        },
        "145980": {
            "firstname": "Joanna",
            "middleinitial": "C.",
            "lastname": "Dunlap",
            "percentcontribution": "",
            "sameschoolflag": 0,
            "facultyid": null,
            "authorid": 145980,
            "scholarlyactivityid": 15201
        }
    },
    "status": [
        {
            "id": 15201,
            "status": "Completed/Published",
            "term": "Spring",
            "year": 2011,
            "termid": "2010/03",
            "listingorder": 6,
            "completionorder": 6
        }
    ],
    "userid": "113116836",
    "attachments": []
}