{
    "activityid": 15205,
    "fields": {
        "Type": "Presentation",
        "Title of Presentation": "Investigating Twitter's ability to enhance social presence",
        "Conference/Meeting Name": "Paper presented at ISTE 2010",
        "Conference Location": "Denver, CO",
        "Date or Date Range": "2010, June",
        "Actual/Projected Year of Publication/Presentation": 2010,
        "Sponsoring Organization": "",
        "Presenter(s)": null,
        "Web Address": "",
        "Description/Abstract": "",
        "Origin": "Other"
    },
    "facultyid": "113116836",
    "coauthors": {
        "145993": {
            "firstname": "Joanna",
            "middleinitial": "C.",
            "lastname": "Dunlap",
            "percentcontribution": "",
            "sameschoolflag": 0,
            "facultyid": null,
            "authorid": 145993,
            "scholarlyactivityid": 15205
        },
        "145994": {
            "firstname": "Patrick",
            "middleinitial": "R.",
            "lastname": "Lowenthal",
            "percentcontribution": "",
            "sameschoolflag": 1,
            "facultyid": "113116836",
            "authorid": 145994,
            "scholarlyactivityid": 15205
        }
    },
    "status": [
        {
            "id": 15205,
            "status": "Completed/Published",
            "term": "Summer",
            "year": 2010,
            "termid": "2010/01",
            "listingorder": 6,
            "completionorder": 6
        }
    ],
    "userid": "113116836",
    "attachments": []
}