{
    "activityid": 15202,
    "fields": {
        "Type": "Presentation",
        "Title of Presentation": "An analysis of what instructional designers need to know and be able to do to get a job",
        "Conference/Meeting Name": "Paper presented at the Association for Educational Communications and Technology International Convention",
        "Conference Location": "Anaheim, CA",
        "Date or Date Range": "2010, October",
        "Actual/Projected Year of Publication/Presentation": 2010,
        "Sponsoring Organization": "",
        "Presenter(s)": null,
        "Web Address": "",
        "Description/Abstract": "",
        "Origin": "Other"
    },
    "facultyid": "113116836",
    "coauthors": {
        "145990": {
            "firstname": "Patrick",
            "middleinitial": "R.",
            "lastname": "Lowenthal",
            "percentcontribution": "",
            "sameschoolflag": 1,
            "facultyid": "113116836",
            "authorid": 145990,
            "scholarlyactivityid": 15202
        },
        "145991": {
            "firstname": "Brent",
            "middleinitial": "G.",
            "lastname": "Wilson",
            "percentcontribution": "",
            "sameschoolflag": 0,
            "facultyid": null,
            "authorid": 145991,
            "scholarlyactivityid": 15202
        },
        "145992": {
            "firstname": "Joanna",
            "middleinitial": "C.",
            "lastname": "Dunlap",
            "percentcontribution": "",
            "sameschoolflag": 0,
            "facultyid": null,
            "authorid": 145992,
            "scholarlyactivityid": 15202
        }
    },
    "status": [
        {
            "id": 15202,
            "status": "Completed/Published",
            "term": "Fall",
            "year": 2010,
            "termid": "2010/02",
            "listingorder": 6,
            "completionorder": 6
        }
    ],
    "userid": "113116836",
    "attachments": []
}