{
    "activityid": 15217,
    "fields": {
        "Type": "Presentation",
        "Title of Presentation": "Revisiting teaching presence: An analysis of  teaching presence across discourse communities",
        "Conference/Meeting Name": "Paper presented at the annual meeting of the American Educational Research Association",
        "Conference Location": "San Diego, CA",
        "Date or Date Range": "2009, April",
        "Actual/Projected Year of Publication/Presentation": 2009,
        "Sponsoring Organization": "",
        "Presenter(s)": null,
        "Web Address": "",
        "Description/Abstract": "",
        "Origin": "Other"
    },
    "facultyid": "113116836",
    "coauthors": {
        "146020": {
            "firstname": "Darcy",
            "middleinitial": "Alison",
            "lastname": "Lowenthal",
            "percentcontribution": "",
            "sameschoolflag": 0,
            "facultyid": null,
            "authorid": 146020,
            "scholarlyactivityid": 15217
        },
        "146021": {
            "firstname": "Patrick",
            "middleinitial": "R.",
            "lastname": "Lowenthal",
            "percentcontribution": "",
            "sameschoolflag": 1,
            "facultyid": "113116836",
            "authorid": 146021,
            "scholarlyactivityid": 15217
        }
    },
    "status": [
        {
            "id": 15217,
            "status": "Completed/Published",
            "term": "Spring",
            "year": 2009,
            "termid": "2008/03",
            "listingorder": 6,
            "completionorder": 6
        }
    ],
    "userid": "113116836",
    "attachments": []
}