{
    "activityid": 15215,
    "fields": {
        "Type": "Presentation",
        "Title of Presentation": "The changing nature of  online communities of inquiry: An analysis of how discourse and time shapes students'  perceptions of presence",
        "Conference/Meeting Name": "Paper presented at the Association for Educational Communications and Technology International Convention",
        "Conference Location": "Louisville, KY",
        "Date or Date Range": "2009, October",
        "Actual/Projected Year of Publication/Presentation": 2009,
        "Sponsoring Organization": "",
        "Presenter(s)": null,
        "Web Address": "",
        "Description/Abstract": "",
        "Origin": "Other"
    },
    "facultyid": "113116836",
    "coauthors": {
        "146014": {
            "firstname": "Patrick",
            "middleinitial": "R.",
            "lastname": "Lowenthal",
            "percentcontribution": "",
            "sameschoolflag": 1,
            "facultyid": "113116836",
            "authorid": 146014,
            "scholarlyactivityid": 15215
        },
        "146015": {
            "firstname": "Darcy",
            "middleinitial": "Alison",
            "lastname": "Lowenthal",
            "percentcontribution": "",
            "sameschoolflag": 0,
            "facultyid": null,
            "authorid": 146015,
            "scholarlyactivityid": 15215
        },
        "146016": {
            "firstname": "John",
            "middleinitial": "W.",
            "lastname": "White",
            "percentcontribution": "",
            "sameschoolflag": 0,
            "facultyid": null,
            "authorid": 146016,
            "scholarlyactivityid": 15215
        }
    },
    "status": [
        {
            "id": 15215,
            "status": "Completed/Published",
            "term": "Fall",
            "year": 2009,
            "termid": "2009/02",
            "listingorder": 6,
            "completionorder": 6
        }
    ],
    "userid": "113116836",
    "attachments": []
}