{
    "activityid": 15212,
    "fields": {
        "Type": "Presentation",
        "Title of Presentation": "Context matters: A description  and typology of the online learning landscape",
        "Conference/Meeting Name": "Paper presented at the Association for Educational Communications and Technology International Convention",
        "Conference Location": "Louisville, KY",
        "Date or Date Range": "2009, October",
        "Actual/Projected Year of Publication/Presentation": 2009,
        "Sponsoring Organization": "",
        "Presenter(s)": null,
        "Web Address": "",
        "Description/Abstract": "",
        "Origin": "Other"
    },
    "facultyid": "113116836",
    "coauthors": {
        "146017": {
            "firstname": "Patrick",
            "middleinitial": "R.",
            "lastname": "Lowenthal",
            "percentcontribution": "",
            "sameschoolflag": 1,
            "facultyid": "113116836",
            "authorid": 146017,
            "scholarlyactivityid": 15212
        },
        "146018": {
            "firstname": "Brent",
            "middleinitial": "G.",
            "lastname": "Wilson",
            "percentcontribution": "",
            "sameschoolflag": 0,
            "facultyid": null,
            "authorid": 146018,
            "scholarlyactivityid": 15212
        },
        "146019": {
            "firstname": "Pat",
            "middleinitial": "",
            "lastname": "Parrish",
            "percentcontribution": "",
            "sameschoolflag": 0,
            "facultyid": null,
            "authorid": 146019,
            "scholarlyactivityid": 15212
        }
    },
    "status": [
        {
            "id": 15212,
            "status": "Completed/Published",
            "term": "Fall",
            "year": 2009,
            "termid": "2009/02",
            "listingorder": 6,
            "completionorder": 6
        }
    ],
    "userid": "113116836",
    "attachments": []
}