{
    "activityid": 15219,
    "fields": {
        "Type": "Presentation",
        "Title of Presentation": "Returning to an ideal that never existed: Business management and the rhetoric of school reform",
        "Conference/Meeting Name": "Paper presented at the annual meeting of the American Educational Research Association",
        "Conference Location": "New York, NY",
        "Date or Date Range": "2008, April",
        "Actual/Projected Year of Publication/Presentation": 2008,
        "Sponsoring Organization": "",
        "Presenter(s)": null,
        "Web Address": "",
        "Description/Abstract": "",
        "Origin": "Other"
    },
    "facultyid": "113116836",
    "coauthors": {
        "146030": {
            "firstname": "John",
            "middleinitial": "W.",
            "lastname": "White",
            "percentcontribution": "",
            "sameschoolflag": 0,
            "facultyid": null,
            "authorid": 146030,
            "scholarlyactivityid": 15219
        },
        "146031": {
            "firstname": "Patrick",
            "middleinitial": "R.",
            "lastname": "Lowenthal",
            "percentcontribution": "",
            "sameschoolflag": 1,
            "facultyid": "113116836",
            "authorid": 146031,
            "scholarlyactivityid": 15219
        }
    },
    "status": [
        {
            "id": 15219,
            "status": "Completed/Published",
            "term": "Spring",
            "year": 2008,
            "termid": "2007/03",
            "listingorder": 6,
            "completionorder": 6
        }
    ],
    "userid": "113116836",
    "attachments": []
}