{
    "activityid": 15220,
    "fields": {
        "Type": "Poster Presentation",
        "Title of Presentation": " A literature review on the use of emoticons to support online learning",
        "Conference / Meeting Name": "Paper presented at the annual meeting of the American Educational Research Association",
        "Conference Location": "Chicago, IL",
        "Date or Date Range": "2015, April",
        "Actual/Projected Year of Publication/Presentation": 2015,
        "Sponsoring Organization": "",
        "Presenter(s)": null,
        "Web Address": "",
        "Description/Abstract": "",
        "Origin": "Other"
    },
    "facultyid": "113116836",
    "coauthors": {
        "145871": {
            "firstname": "Joanna",
            "middleinitial": "C.",
            "lastname": "Dunlap",
            "percentcontribution": "",
            "sameschoolflag": 0,
            "facultyid": null,
            "authorid": 145871,
            "scholarlyactivityid": 15220
        },
        "145872": {
            "firstname": "Devshikha",
            "middleinitial": "",
            "lastname": "Bose",
            "percentcontribution": "",
            "sameschoolflag": 0,
            "facultyid": null,
            "authorid": 145872,
            "scholarlyactivityid": 15220
        },
        "145873": {
            "firstname": "Patrick",
            "middleinitial": "R.",
            "lastname": "Lowenthal",
            "percentcontribution": "",
            "sameschoolflag": 1,
            "facultyid": "113116836",
            "authorid": 145873,
            "scholarlyactivityid": 15220
        },
        "145874": {
            "firstname": "Cindy",
            "middleinitial": "S.",
            "lastname": "York",
            "percentcontribution": "",
            "sameschoolflag": 0,
            "facultyid": null,
            "authorid": 145874,
            "scholarlyactivityid": 15220
        },
        "145875": {
            "firstname": "Michael",
            "middleinitial": "",
            "lastname": "Atkinson",
            "percentcontribution": "",
            "sameschoolflag": 0,
            "facultyid": null,
            "authorid": 145875,
            "scholarlyactivityid": 15220
        },
        "145876": {
            "firstname": "Jim",
            "middleinitial": "",
            "lastname": "Murtagh",
            "percentcontribution": "",
            "sameschoolflag": 0,
            "facultyid": null,
            "authorid": 145876,
            "scholarlyactivityid": 15220
        }
    },
    "status": [
        {
            "id": 15220,
            "status": "Completed/Published",
            "term": "Spring",
            "year": 2015,
            "termid": "2014/03",
            "listingorder": 6,
            "completionorder": 6
        }
    ],
    "userid": "113116836",
    "attachments": []
}