{
    "activityid": 15221,
    "fields": {
        "Type": "Poster Presentation",
        "Title of Presentation": "Getting graphic about infographics: An analysis of popular infographics",
        "Conference / Meeting Name": "Paper presented at the Association for Educational Communications and Technology International Convention",
        "Conference Location": "Anaheim, CA",
        "Date or Date Range": "2013, October",
        "Actual/Projected Year of Publication/Presentation": 2013,
        "Sponsoring Organization": "",
        "Presenter(s)": null,
        "Web Address": "",
        "Description/Abstract": "",
        "Origin": "Other"
    },
    "facultyid": "113116836",
    "coauthors": {
        "145944": {
            "firstname": "Patrick",
            "middleinitial": "R.",
            "lastname": "Lowenthal",
            "percentcontribution": "",
            "sameschoolflag": 1,
            "facultyid": "113116836",
            "authorid": 145944,
            "scholarlyactivityid": 15221
        },
        "145945": {
            "firstname": "Joanna",
            "middleinitial": "C.",
            "lastname": "Dunlap",
            "percentcontribution": "",
            "sameschoolflag": 0,
            "facultyid": null,
            "authorid": 145945,
            "scholarlyactivityid": 15221
        },
        "145946": {
            "firstname": "Jackie",
            "middleinitial": "",
            "lastname": "Dobrovolny",
            "percentcontribution": "",
            "sameschoolflag": 0,
            "facultyid": null,
            "authorid": 145946,
            "scholarlyactivityid": 15221
        },
        "145947": {
            "firstname": "S.",
            "middleinitial": "",
            "lastname": "Feyissa",
            "percentcontribution": "",
            "sameschoolflag": 0,
            "facultyid": null,
            "authorid": 145947,
            "scholarlyactivityid": 15221
        },
        "145948": {
            "firstname": "M.",
            "middleinitial": "",
            "lastname": "Pascoe",
            "percentcontribution": "",
            "sameschoolflag": 0,
            "facultyid": null,
            "authorid": 145948,
            "scholarlyactivityid": 15221
        }
    },
    "status": [
        {
            "id": 15221,
            "status": "Completed/Published",
            "term": "Fall",
            "year": 2013,
            "termid": "2013/02",
            "listingorder": 6,
            "completionorder": 6
        }
    ],
    "userid": "113116836",
    "attachments": []
}