{
    "activityid": 15226,
    "fields": {
        "Type": "Presentation",
        "Title of Presentation": "Lessons from the field: An analysis of  online instructors &quot;best practices&quot; teaching online",
        "Conference/Meeting Name": "Paper presented at the EDUCAUSE Learning Initiative",
        "Conference Location": "Denver, CO",
        "Date or Date Range": "2013, February",
        "Actual/Projected Year of Publication/Presentation": 2013,
        "Sponsoring Organization": "",
        "Presenter(s)": null,
        "Web Address": "",
        "Description/Abstract": "",
        "Origin": "Other"
    },
    "facultyid": "113116836",
    "coauthors": {
        "145955": {
            "firstname": "Patrick",
            "middleinitial": "R.",
            "lastname": "Lowenthal",
            "percentcontribution": "",
            "sameschoolflag": 1,
            "facultyid": "113116836",
            "authorid": 145955,
            "scholarlyactivityid": 15226
        },
        "145956": {
            "firstname": "Joanna",
            "middleinitial": "C.",
            "lastname": "Dunlap",
            "percentcontribution": "",
            "sameschoolflag": 0,
            "facultyid": null,
            "authorid": 145956,
            "scholarlyactivityid": 15226
        }
    },
    "status": [
        {
            "id": 15226,
            "status": "Completed/Published",
            "term": "Fall",
            "year": 2013,
            "termid": "2013/02",
            "listingorder": 6,
            "completionorder": 6
        }
    ],
    "userid": "113116836",
    "attachments": []
}