{
    "activityid": 15230,
    "fields": {
        "Type": "Presentation",
        "Title of Presentation": "Teaching with Blackboard without Losing your Soul",
        "Conference/Meeting Name": "Digital Ecosystems for Success",
        "Conference Location": "Boise State University",
        "Date or Date Range": "2014-11-11",
        "Actual/Projected Year of Publication/Presentation": 2014,
        "Sponsoring Organization": "Office of Instructional Technology",
        "Presenter(s)": null,
        "Web Address": "",
        "Description/Abstract": "",
        "Origin": "Other"
    },
    "facultyid": "113116836",
    "coauthors": {
        "63291": {
            "firstname": "Jen",
            "middleinitial": "",
            "lastname": "Black",
            "percentcontribution": "0",
            "sameschoolflag": 1,
            "facultyid": "111673550",
            "authorid": 63291,
            "scholarlyactivityid": 15230
        },
        "63292": {
            "firstname": "Kim",
            "middleinitial": "",
            "lastname": "Carter-Cram",
            "percentcontribution": "0",
            "sameschoolflag": 1,
            "facultyid": "112003158",
            "authorid": 63292,
            "scholarlyactivityid": 15230
        },
        "63293": {
            "firstname": "Patrick",
            "middleinitial": "",
            "lastname": "Lowenthal",
            "percentcontribution": "0",
            "sameschoolflag": 1,
            "facultyid": "113116836",
            "authorid": 63293,
            "scholarlyactivityid": 15230
        }
    },
    "status": [
        {
            "id": 15230,
            "status": "Completed/Published",
            "term": "Fall",
            "year": 2014,
            "termid": "2014/02",
            "listingorder": 6,
            "completionorder": 6
        }
    ],
    "userid": "113116836",
    "attachments": []
}