{
    "activityid": 15348,
    "fields": {
        "Type": "Presentation",
        "Title of Presentation": "Best Practices in Clinical Experiences",
        "Conference/Meeting Name": "annual meeting of AACTE, Orlando",
        "Conference Location": "Orlando, Florida",
        "Date or Date Range": "2013-02-28",
        "Actual/Projected Year of Publication/Presentation": 2013,
        "Sponsoring Organization": "American Association of Colleges for Teacher Education ",
        "Presenter(s)": null,
        "Web Address": "",
        "Description/Abstract": "",
        "Origin": "Other"
    },
    "facultyid": "111728011",
    "coauthors": {
        "63550": {
            "firstname": "Kenneth",
            "middleinitial": "M",
            "lastname": "Coll",
            "percentcontribution": "0",
            "sameschoolflag": 1,
            "facultyid": "111112183",
            "authorid": 63550,
            "scholarlyactivityid": 15348
        },
        "63551": {
            "firstname": "Diane",
            "middleinitial": "R",
            "lastname": "Boothe",
            "percentcontribution": "0",
            "sameschoolflag": 1,
            "facultyid": "112054227",
            "authorid": 63551,
            "scholarlyactivityid": 15348
        },
        "63552": {
            "firstname": "Jennifer",
            "middleinitial": "Lynn",
            "lastname": "Snow-Gerono",
            "percentcontribution": "0",
            "sameschoolflag": 1,
            "facultyid": "112002071",
            "authorid": 63552,
            "scholarlyactivityid": 15348
        },
        "63553": {
            "firstname": "Susan",
            "middleinitial": "",
            "lastname": "Martin",
            "percentcontribution": "0",
            "sameschoolflag": 1,
            "facultyid": "111728011",
            "authorid": 63553,
            "scholarlyactivityid": 15348
        },
        "63554": {
            "firstname": "Richard",
            "middleinitial": "Douglas",
            "lastname": "Osguthorpe",
            "percentcontribution": "0",
            "sameschoolflag": 1,
            "facultyid": "112055930",
            "authorid": 63554,
            "scholarlyactivityid": 15348
        }
    },
    "status": [
        {
            "id": 15348,
            "status": "Completed/Published",
            "term": "Spring",
            "year": 2013,
            "termid": "2012/03",
            "listingorder": 6,
            "completionorder": 6
        }
    ],
    "userid": "111728011",
    "attachments": []
}