{
    "activityid": 15349,
    "fields": {
        "Type": "Presentation",
        "Title of Presentation": "Promising Practices in Literacy Teacher Education: Researchers of Literacy Teacher Education Link Research to Practice",
        "Conference/Meeting Name": "Literacy Research Association 64th Annual Meeting",
        "Conference Location": "Marco Island, Florida",
        "Date or Date Range": "2014-12-31",
        "Actual/Projected Year of Publication/Presentation": 2014,
        "Sponsoring Organization": "Literacy Research Association",
        "Presenter(s)": null,
        "Web Address": "",
        "Description/Abstract": "",
        "Origin": "Other"
    },
    "facultyid": "111728011",
    "coauthors": {
        "63555": {
            "firstname": "Sherry",
            "middleinitial": "",
            "lastname": "Dismuke",
            "percentcontribution": "0",
            "sameschoolflag": 0,
            "facultyid": null,
            "authorid": 63555,
            "scholarlyactivityid": 15349
        },
        "63556": {
            "firstname": "Susan",
            "middleinitial": "",
            "lastname": "Martin",
            "percentcontribution": "0",
            "sameschoolflag": 1,
            "facultyid": "111728011",
            "authorid": 63556,
            "scholarlyactivityid": 15349
        },
        "63557": {
            "firstname": "Lee",
            "middleinitial": "Ann",
            "lastname": "Tysseling",
            "percentcontribution": "0",
            "sameschoolflag": 1,
            "facultyid": "111110539",
            "authorid": 63557,
            "scholarlyactivityid": 15349
        },
        "63558": {
            "firstname": "Mary",
            "middleinitial": "Ann",
            "lastname": "Cahill",
            "percentcontribution": "0",
            "sameschoolflag": 1,
            "facultyid": "111686001",
            "authorid": 63558,
            "scholarlyactivityid": 15349
        },
        "63559": {
            "firstname": "Margaret",
            "middleinitial": "Elaine",
            "lastname": "Chase",
            "percentcontribution": "0",
            "sameschoolflag": 1,
            "facultyid": "111142773",
            "authorid": 63559,
            "scholarlyactivityid": 15349
        }
    },
    "status": [
        {
            "id": 15349,
            "status": "Completed/Published",
            "term": "Fall",
            "year": 2014,
            "termid": "2014/02",
            "listingorder": 6,
            "completionorder": 6
        }
    ],
    "userid": "111728011",
    "attachments": []
}