{
    "activityid": 15356,
    "fields": {
        "Type": "Presentation",
        "Title of Presentation": "From preservice to practice: Investigating the effects of a writing methods course on teacher practices",
        "Conference/Meeting Name": "AERA Annual Conference ",
        "Conference Location": "Philadelphia, PA",
        "Date or Date Range": "2014-04-30",
        "Actual/Projected Year of Publication/Presentation": 2014,
        "Sponsoring Organization": "AERA",
        "Presenter(s)": null,
        "Web Address": "",
        "Description/Abstract": "",
        "Origin": "Other"
    },
    "facultyid": "111728011",
    "coauthors": {
        "63569": {
            "firstname": "Susan ",
            "middleinitial": "D. ",
            "lastname": "Martin ",
            "percentcontribution": "0",
            "sameschoolflag": 0,
            "facultyid": null,
            "authorid": 63569,
            "scholarlyactivityid": 15356
        },
        "63570": {
            "firstname": "Sherry ",
            "middleinitial": "",
            "lastname": "Dismuke ",
            "percentcontribution": "0",
            "sameschoolflag": 0,
            "facultyid": null,
            "authorid": 63570,
            "scholarlyactivityid": 15356
        }
    },
    "status": [
        {
            "id": 15356,
            "status": "Completed/Published",
            "term": "Spring",
            "year": 2014,
            "termid": "2013/03",
            "listingorder": 6,
            "completionorder": 6
        }
    ],
    "userid": "111728011",
    "attachments": []
}