{
    "activityid": 15355,
    "fields": {
        "Type": "Presentation",
        "Title of Presentation": "Keeping current: Including technology in a writing methods course. ",
        "Conference/Meeting Name": "Castle Conference ",
        "Conference Location": "East Sussex, England",
        "Date or Date Range": "2014-08-31",
        "Actual/Projected Year of Publication/Presentation": 2014,
        "Sponsoring Organization": "Self-study of Teacher Education Practices--AERA SIG ",
        "Presenter(s)": null,
        "Web Address": "",
        "Description/Abstract": "",
        "Origin": "Other"
    },
    "facultyid": "111728011",
    "coauthors": {
        "63567": {
            "firstname": "Susan ",
            "middleinitial": "D. ",
            "lastname": "Martin ",
            "percentcontribution": "0",
            "sameschoolflag": 0,
            "facultyid": null,
            "authorid": 63567,
            "scholarlyactivityid": 15355
        },
        "63568": {
            "firstname": "Shery ",
            "middleinitial": "",
            "lastname": "Dismuke ",
            "percentcontribution": "0",
            "sameschoolflag": 0,
            "facultyid": null,
            "authorid": 63568,
            "scholarlyactivityid": 15355
        }
    },
    "status": [
        {
            "id": 15355,
            "status": "Completed/Published",
            "term": "Summer",
            "year": 2014,
            "termid": "2014/01",
            "listingorder": 6,
            "completionorder": 6
        }
    ],
    "userid": "111728011",
    "attachments": []
}