{
    "activityid": 15360,
    "fields": {
        "Type": "Presentation",
        "Title of Presentation": "Finding the Fit: Reconciling professional roles of researcher and teacher",
        "Conference/Meeting Name": "Castle Conference ",
        "Conference Location": "East Sussex, England ",
        "Date or Date Range": "2012-07-31",
        "Actual/Projected Year of Publication/Presentation": 2012,
        "Sponsoring Organization": "Self-Study of TEacher education Practices SiG/AERA",
        "Presenter(s)": null,
        "Web Address": "",
        "Description/Abstract": "",
        "Origin": "Other"
    },
    "facultyid": "111728011",
    "coauthors": {
        "63578": {
            "firstname": "Susan",
            "middleinitial": "",
            "lastname": "Martin",
            "percentcontribution": "0",
            "sameschoolflag": 1,
            "facultyid": "111728011",
            "authorid": 63578,
            "scholarlyactivityid": 15360
        }
    },
    "status": [
        {
            "id": 15360,
            "status": "Completed/Published",
            "term": "Summer",
            "year": 2012,
            "termid": "2012/01",
            "listingorder": 6,
            "completionorder": 6
        }
    ],
    "userid": "111728011",
    "attachments": []
}