{
    "activityid": 15368,
    "fields": {
        "Type": "Presentation",
        "Title of Presentation": "Practicing richness in writing: Teaching and learning activity in three urban classrooms ",
        "Conference/Meeting Name": "research presentation for the College of Education Doctoral Colloquium",
        "Conference Location": "Boise, ID",
        "Date or Date Range": "2004-12-31",
        "Actual/Projected Year of Publication/Presentation": 2004,
        "Sponsoring Organization": "Boise State University ",
        "Presenter(s)": null,
        "Web Address": "",
        "Description/Abstract": "",
        "Origin": "Other"
    },
    "facultyid": "111728011",
    "coauthors": {
        "63598": {
            "firstname": "Susan",
            "middleinitial": "",
            "lastname": "Martin",
            "percentcontribution": "0",
            "sameschoolflag": 1,
            "facultyid": "111728011",
            "authorid": 63598,
            "scholarlyactivityid": 15368
        }
    },
    "status": [
        {
            "id": 15368,
            "status": "Completed/Published",
            "term": "Fall",
            "year": 2004,
            "termid": "2004/02",
            "listingorder": 6,
            "completionorder": 6
        }
    ],
    "userid": "111728011",
    "attachments": []
}