{
    "activityid": 15366,
    "fields": {
        "Type": "Presentation",
        "Title of Presentation": "A Model for Shared Leadership",
        "Conference/Meeting Name": "annual meeting of AACTE, San Diego",
        "Conference Location": "San Diego, California",
        "Date or Date Range": "2011-02-28",
        "Actual/Projected Year of Publication/Presentation": 2011,
        "Sponsoring Organization": "American Association of Colleges for Teacher Education ",
        "Presenter(s)": null,
        "Web Address": "",
        "Description/Abstract": "",
        "Origin": "Other"
    },
    "facultyid": "111728011",
    "coauthors": {
        "63592": {
            "firstname": "Kenneth",
            "middleinitial": "M",
            "lastname": "Coll",
            "percentcontribution": "0",
            "sameschoolflag": 1,
            "facultyid": "111112183",
            "authorid": 63592,
            "scholarlyactivityid": 15366
        },
        "63593": {
            "firstname": "Diane",
            "middleinitial": "R",
            "lastname": "Boothe",
            "percentcontribution": "0",
            "sameschoolflag": 1,
            "facultyid": "112054227",
            "authorid": 63593,
            "scholarlyactivityid": 15366
        },
        "63594": {
            "firstname": "Jennifer",
            "middleinitial": "Lynn",
            "lastname": "Snow-Gerono",
            "percentcontribution": "0",
            "sameschoolflag": 1,
            "facultyid": "112002071",
            "authorid": 63594,
            "scholarlyactivityid": 15366
        },
        "63595": {
            "firstname": "Susan",
            "middleinitial": "",
            "lastname": "Martin",
            "percentcontribution": "0",
            "sameschoolflag": 1,
            "facultyid": "111728011",
            "authorid": 63595,
            "scholarlyactivityid": 15366
        },
        "63596": {
            "firstname": "Richard",
            "middleinitial": "Douglas",
            "lastname": "Osguthorpe",
            "percentcontribution": "0",
            "sameschoolflag": 1,
            "facultyid": "112055930",
            "authorid": 63596,
            "scholarlyactivityid": 15366
        }
    },
    "status": [
        {
            "id": 15366,
            "status": "Completed/Published",
            "term": "Spring",
            "year": 2011,
            "termid": "2010/03",
            "listingorder": 6,
            "completionorder": 6
        }
    ],
    "userid": "111728011",
    "attachments": []
}