{
    "activityid": 15378,
    "fields": {
        "Type": "Presentation",
        "Title of Presentation": "Re-visioing the components of writing workshop: Pedagogical practices in three urban classrooms ",
        "Conference/Meeting Name": "annual conference of the American Educational Research Association ",
        "Conference Location": "Denver, CO ",
        "Date or Date Range": "2010-12-31",
        "Actual/Projected Year of Publication/Presentation": 2010,
        "Sponsoring Organization": "American Educational Research Association ",
        "Presenter(s)": null,
        "Web Address": "",
        "Description/Abstract": "",
        "Origin": "Other"
    },
    "facultyid": "111728011",
    "coauthors": {
        "63616": {
            "firstname": "Susan",
            "middleinitial": "",
            "lastname": "Martin",
            "percentcontribution": "0",
            "sameschoolflag": 1,
            "facultyid": "111728011",
            "authorid": 63616,
            "scholarlyactivityid": 15378
        }
    },
    "status": [
        {
            "id": 15378,
            "status": "Completed/Published",
            "term": "Fall",
            "year": 2010,
            "termid": "2010/02",
            "listingorder": 6,
            "completionorder": 6
        }
    ],
    "userid": "111728011",
    "attachments": []
}