{
    "activityid": 15376,
    "fields": {
        "Type": "Presentation",
        "Title of Presentation": "Navigating the Terrain of Third Space: Tensions With/In Relationships in School-University Partnerships",
        "Conference/Meeting Name": "annual conference of the American Educational Research Association",
        "Conference Location": "New Orleans, LA ",
        "Date or Date Range": "2011-12-31",
        "Actual/Projected Year of Publication/Presentation": 2011,
        "Sponsoring Organization": "American Educational Research Association",
        "Presenter(s)": null,
        "Web Address": "",
        "Description/Abstract": "",
        "Origin": "Other"
    },
    "facultyid": "111728011",
    "coauthors": {
        "63611": {
            "firstname": "Susan",
            "middleinitial": "",
            "lastname": "Martin",
            "percentcontribution": "0",
            "sameschoolflag": 1,
            "facultyid": "111728011",
            "authorid": 63611,
            "scholarlyactivityid": 15376
        },
        "63612": {
            "firstname": "J",
            "middleinitial": "",
            "lastname": "Snow",
            "percentcontribution": "0",
            "sameschoolflag": 1,
            "facultyid": "112002071",
            "authorid": 63612,
            "scholarlyactivityid": 15376
        },
        "63613": {
            "firstname": "C",
            "middleinitial": "",
            "lastname": "Torrez-Franklin",
            "percentcontribution": "0",
            "sameschoolflag": 0,
            "facultyid": null,
            "authorid": 63613,
            "scholarlyactivityid": 15376
        }
    },
    "status": [
        {
            "id": 15376,
            "status": "Completed/Published",
            "term": "Fall",
            "year": 2011,
            "termid": "2011/02",
            "listingorder": 6,
            "completionorder": 6
        }
    ],
    "userid": "111728011",
    "attachments": []
}