{
    "activityid": 15371,
    "fields": {
        "Type": "Presentation",
        "Title of Presentation": "Teachers' developing conceptions of assessment across activity settings",
        "Conference/Meeting Name": "annual meeting of the American Educational Research Association ",
        "Conference Location": "San Diego, CA",
        "Date or Date Range": "1998-12-31",
        "Actual/Projected Year of Publication/Presentation": 1998,
        "Sponsoring Organization": "American Educational Research Association ",
        "Presenter(s)": null,
        "Web Address": "",
        "Description/Abstract": "",
        "Origin": "Other"
    },
    "facultyid": "111728011",
    "coauthors": {
        "63601": {
            "firstname": "P",
            "middleinitial": "",
            "lastname": "Grossman",
            "percentcontribution": "0",
            "sameschoolflag": 0,
            "facultyid": null,
            "authorid": 63601,
            "scholarlyactivityid": 15371
        },
        "63602": {
            "firstname": "S",
            "middleinitial": "",
            "lastname": "Valencia",
            "percentcontribution": "0",
            "sameschoolflag": 0,
            "facultyid": null,
            "authorid": 63602,
            "scholarlyactivityid": 15371
        },
        "63603": {
            "firstname": "C",
            "middleinitial": "",
            "lastname": "Thompson ",
            "percentcontribution": "0",
            "sameschoolflag": 0,
            "facultyid": null,
            "authorid": 63603,
            "scholarlyactivityid": 15371
        },
        "63604": {
            "firstname": "N",
            "middleinitial": "",
            "lastname": "Place",
            "percentcontribution": "0",
            "sameschoolflag": 0,
            "facultyid": null,
            "authorid": 63604,
            "scholarlyactivityid": 15371
        },
        "63605": {
            "firstname": "Susan",
            "middleinitial": "",
            "lastname": "Martin",
            "percentcontribution": "0",
            "sameschoolflag": 1,
            "facultyid": "111728011",
            "authorid": 63605,
            "scholarlyactivityid": 15371
        }
    },
    "status": [
        {
            "id": 15371,
            "status": "Completed/Published",
            "term": "Fall",
            "year": 1998,
            "termid": "1998/02",
            "listingorder": 6,
            "completionorder": 6
        }
    ],
    "userid": "111728011",
    "attachments": []
}