{
    "activityid": 15379,
    "fields": {
        "Type": "Presentation",
        "Title of Presentation": "Teachers and students writing together: Questioning our motives and examining our effectiveness",
        "Conference/Meeting Name": "annual meeting of the National Conference of Teachers of English ",
        "Conference Location": "",
        "Date or Date Range": "2010-12-31",
        "Actual/Projected Year of Publication/Presentation": 2010,
        "Sponsoring Organization": "National Conference of Teachers of English ",
        "Presenter(s)": null,
        "Web Address": "",
        "Description/Abstract": "",
        "Origin": "Other"
    },
    "facultyid": "111728011",
    "coauthors": {
        "63617": {
            "firstname": "M",
            "middleinitial": "",
            "lastname": "Chase",
            "percentcontribution": "0",
            "sameschoolflag": 1,
            "facultyid": "111142773",
            "authorid": 63617,
            "scholarlyactivityid": 15379
        },
        "63618": {
            "firstname": "Susan",
            "middleinitial": "",
            "lastname": "Martin",
            "percentcontribution": "0",
            "sameschoolflag": 1,
            "facultyid": "111728011",
            "authorid": 63618,
            "scholarlyactivityid": 15379
        }
    },
    "status": [
        {
            "id": 15379,
            "status": "Completed/Published",
            "term": "Fall",
            "year": 2010,
            "termid": "2010/02",
            "listingorder": 6,
            "completionorder": 6
        }
    ],
    "userid": "111728011",
    "attachments": []
}