{
    "activityid": 15387,
    "fields": {
        "Type": "Presentation",
        "Title of Presentation": "Teaching for the test: What we've learned ",
        "Conference/Meeting Name": "annual conference of the Association of Teacher Educators ",
        "Conference Location": "Atlanta, GA",
        "Date or Date Range": "2006-12-31",
        "Actual/Projected Year of Publication/Presentation": 2006,
        "Sponsoring Organization": "Association of Teacher Educators ",
        "Presenter(s)": null,
        "Web Address": "",
        "Description/Abstract": "",
        "Origin": "Other"
    },
    "facultyid": "111728011",
    "coauthors": {
        "63637": {
            "firstname": "Susan",
            "middleinitial": "",
            "lastname": "Martin",
            "percentcontribution": "0",
            "sameschoolflag": 1,
            "facultyid": "111728011",
            "authorid": 63637,
            "scholarlyactivityid": 15387
        },
        "63638": {
            "firstname": "M",
            "middleinitial": "",
            "lastname": "Cahill",
            "percentcontribution": "0",
            "sameschoolflag": 1,
            "facultyid": "111686001",
            "authorid": 63638,
            "scholarlyactivityid": 15387
        }
    },
    "status": [
        {
            "id": 15387,
            "status": "Completed/Published",
            "term": "Fall",
            "year": 2006,
            "termid": "2006/02",
            "listingorder": 6,
            "completionorder": 6
        }
    ],
    "userid": "111728011",
    "attachments": []
}