{
    "activityid": 15381,
    "fields": {
        "Type": "Presentation",
        "Title of Presentation": "How have they learned? Preservice teachers' perspectives on pedgogical practices in a writing methods course",
        "Conference/Meeting Name": "annual conference of the American Educational Research Association ",
        "Conference Location": "San Diego, CA",
        "Date or Date Range": "2009-12-31",
        "Actual/Projected Year of Publication/Presentation": 2009,
        "Sponsoring Organization": "American Educational Research Association ",
        "Presenter(s)": null,
        "Web Address": "",
        "Description/Abstract": "",
        "Origin": "Other"
    },
    "facultyid": "111728011",
    "coauthors": {
        "63621": {
            "firstname": "Susan",
            "middleinitial": "",
            "lastname": "Martin",
            "percentcontribution": "0",
            "sameschoolflag": 1,
            "facultyid": "111728011",
            "authorid": 63621,
            "scholarlyactivityid": 15381
        }
    },
    "status": [
        {
            "id": 15381,
            "status": "Completed/Published",
            "term": "Fall",
            "year": 2009,
            "termid": "2009/02",
            "listingorder": 6,
            "completionorder": 6
        }
    ],
    "userid": "111728011",
    "attachments": []
}