{
    "activityid": 15380,
    "fields": {
        "Type": "Presentation",
        "Title of Presentation": "Sharing our writing with students: Examining tensions and questioning oru motives ",
        "Conference/Meeting Name": "biennial conference of the AERA special interest group, Self-Study of Teacher Education Practices",
        "Conference Location": "Herstmonceux, England ",
        "Date or Date Range": "2010-12-31",
        "Actual/Projected Year of Publication/Presentation": 2010,
        "Sponsoring Organization": "biennial conference of the AERA special interest group, Self-Study of Teacher Education Practices",
        "Presenter(s)": null,
        "Web Address": "",
        "Description/Abstract": "",
        "Origin": "Other"
    },
    "facultyid": "111728011",
    "coauthors": {
        "63619": {
            "firstname": "Susan",
            "middleinitial": "",
            "lastname": "Martin",
            "percentcontribution": "0",
            "sameschoolflag": 1,
            "facultyid": "111728011",
            "authorid": 63619,
            "scholarlyactivityid": 15380
        },
        "63620": {
            "firstname": "M",
            "middleinitial": "",
            "lastname": "Chase",
            "percentcontribution": "0",
            "sameschoolflag": 1,
            "facultyid": "111142773",
            "authorid": 63620,
            "scholarlyactivityid": 15380
        }
    },
    "status": [
        {
            "id": 15380,
            "status": "Completed/Published",
            "term": "Fall",
            "year": 2010,
            "termid": "2010/02",
            "listingorder": 6,
            "completionorder": 6
        }
    ],
    "userid": "111728011",
    "attachments": []
}