{
    "activityid": 15382,
    "fields": {
        "Type": "Presentation",
        "Title of Presentation": "In their own voices: Preservice teachers' perspectives on pedagogical practices in writing methods course",
        "Conference/Meeting Name": "annual National Reading Conference",
        "Conference Location": "Albuquerque, NM",
        "Date or Date Range": "2009-12-31",
        "Actual/Projected Year of Publication/Presentation": 2009,
        "Sponsoring Organization": "National Reading Conference ",
        "Presenter(s)": null,
        "Web Address": "",
        "Description/Abstract": "",
        "Origin": "Other"
    },
    "facultyid": "111728011",
    "coauthors": {
        "63622": {
            "firstname": "Susan",
            "middleinitial": "",
            "lastname": "Martin",
            "percentcontribution": "0",
            "sameschoolflag": 1,
            "facultyid": "111728011",
            "authorid": 63622,
            "scholarlyactivityid": 15382
        },
        "63623": {
            "firstname": "S",
            "middleinitial": "",
            "lastname": "Dismuke",
            "percentcontribution": "0",
            "sameschoolflag": 0,
            "facultyid": null,
            "authorid": 63623,
            "scholarlyactivityid": 15382
        }
    },
    "status": [
        {
            "id": 15382,
            "status": "Completed/Published",
            "term": "Fall",
            "year": 2009,
            "termid": "2009/02",
            "listingorder": 6,
            "completionorder": 6
        }
    ],
    "userid": "111728011",
    "attachments": []
}