{
    "activityid": 15385,
    "fields": {
        "Type": "Presentation",
        "Title of Presentation": "Demonstrating, discussing, and doing literacy: Students' perspectives on pedgogical practices in an early literacy methods course",
        "Conference/Meeting Name": "annual conference on the National Reading Association ",
        "Conference Location": "Orlando, FL",
        "Date or Date Range": "2008-12-31",
        "Actual/Projected Year of Publication/Presentation": 2008,
        "Sponsoring Organization": "National Reading Association ",
        "Presenter(s)": null,
        "Web Address": "",
        "Description/Abstract": "",
        "Origin": "Other"
    },
    "facultyid": "111728011",
    "coauthors": {
        "63630": {
            "firstname": "Susan",
            "middleinitial": "",
            "lastname": "Martin",
            "percentcontribution": "0",
            "sameschoolflag": 1,
            "facultyid": "111728011",
            "authorid": 63630,
            "scholarlyactivityid": 15385
        },
        "63631": {
            "firstname": "A",
            "middleinitial": "",
            "lastname": "Gregory ",
            "percentcontribution": "0",
            "sameschoolflag": 0,
            "facultyid": null,
            "authorid": 63631,
            "scholarlyactivityid": 15385
        },
        "63632": {
            "firstname": "M",
            "middleinitial": "",
            "lastname": "Chase",
            "percentcontribution": "0",
            "sameschoolflag": 1,
            "facultyid": "111142773",
            "authorid": 63632,
            "scholarlyactivityid": 15385
        },
        "63633": {
            "firstname": "M",
            "middleinitial": "",
            "lastname": "Cahill ",
            "percentcontribution": "0",
            "sameschoolflag": 0,
            "facultyid": null,
            "authorid": 63633,
            "scholarlyactivityid": 15385
        }
    },
    "status": [
        {
            "id": 15385,
            "status": "Completed/Published",
            "term": "Fall",
            "year": 2008,
            "termid": "2008/02",
            "listingorder": 6,
            "completionorder": 6
        }
    ],
    "userid": "111728011",
    "attachments": []
}