{
    "activityid": 15384,
    "fields": {
        "Type": "Presentation",
        "Title of Presentation": "Negotiating roles and relationships in supervision? A self-study of three university liaisons and their work in partner schools ",
        "Conference/Meeting Name": "annual conference of the Association of Teacher Educators ",
        "Conference Location": "New Orleans, LA ",
        "Date or Date Range": "2008-12-31",
        "Actual/Projected Year of Publication/Presentation": 2008,
        "Sponsoring Organization": "Association of Teacher Educators ",
        "Presenter(s)": null,
        "Web Address": "",
        "Description/Abstract": "",
        "Origin": "Other"
    },
    "facultyid": "111728011",
    "coauthors": {
        "63627": {
            "firstname": "Susan",
            "middleinitial": "",
            "lastname": "Martin",
            "percentcontribution": "0",
            "sameschoolflag": 1,
            "facultyid": "111728011",
            "authorid": 63627,
            "scholarlyactivityid": 15384
        },
        "63628": {
            "firstname": "J",
            "middleinitial": "",
            "lastname": "Snow",
            "percentcontribution": "0",
            "sameschoolflag": 1,
            "facultyid": "112002071",
            "authorid": 63628,
            "scholarlyactivityid": 15384
        },
        "63629": {
            "firstname": "C",
            "middleinitial": "",
            "lastname": "Franklin ",
            "percentcontribution": "0",
            "sameschoolflag": 0,
            "facultyid": null,
            "authorid": 63629,
            "scholarlyactivityid": 15384
        }
    },
    "status": [
        {
            "id": 15384,
            "status": "Completed/Published",
            "term": "Fall",
            "year": 2008,
            "termid": "2008/02",
            "listingorder": 6,
            "completionorder": 6
        }
    ],
    "userid": "111728011",
    "attachments": []
}