{
    "activityid": 15389,
    "fields": {
        "Type": "Presentation",
        "Title of Presentation": "Teaching for the test and beyond: The challenges of teacher preparation in an era of acccountability ",
        "Conference/Meeting Name": "annual conference of the National Reading Conference",
        "Conference Location": "Los Angeles, CA",
        "Date or Date Range": "2006-12-31",
        "Actual/Projected Year of Publication/Presentation": 2006,
        "Sponsoring Organization": "National Reading Conference ",
        "Presenter(s)": null,
        "Web Address": "",
        "Description/Abstract": "",
        "Origin": "Other"
    },
    "facultyid": "111728011",
    "coauthors": {
        "63641": {
            "firstname": "Susan",
            "middleinitial": "",
            "lastname": "Martin",
            "percentcontribution": "0",
            "sameschoolflag": 1,
            "facultyid": "111728011",
            "authorid": 63641,
            "scholarlyactivityid": 15389
        },
        "63642": {
            "firstname": "M",
            "middleinitial": "",
            "lastname": "Cahill",
            "percentcontribution": "0",
            "sameschoolflag": 1,
            "facultyid": "111686001",
            "authorid": 63642,
            "scholarlyactivityid": 15389
        }
    },
    "status": [
        {
            "id": 15389,
            "status": "Completed/Published",
            "term": "Fall",
            "year": 2006,
            "termid": "2006/02",
            "listingorder": 6,
            "completionorder": 6
        }
    ],
    "userid": "111728011",
    "attachments": []
}