{
    "activityid": 15383,
    "fields": {
        "Type": "Presentation",
        "Title of Presentation": "Befuddled, bewildered and even bemused: A self-study of teacher educators in school-university Partnerships",
        "Conference/Meeting Name": "annual conference of the American Educational Research Association ",
        "Conference Location": "New York, NY",
        "Date or Date Range": "2008-12-31",
        "Actual/Projected Year of Publication/Presentation": 2008,
        "Sponsoring Organization": "American Educational Research Association ",
        "Presenter(s)": null,
        "Web Address": "",
        "Description/Abstract": "",
        "Origin": "Other"
    },
    "facultyid": "111728011",
    "coauthors": {
        "63624": {
            "firstname": "C",
            "middleinitial": "",
            "lastname": "Franklin",
            "percentcontribution": "0",
            "sameschoolflag": 1,
            "facultyid": "112001795",
            "authorid": 63624,
            "scholarlyactivityid": 15383
        },
        "63625": {
            "firstname": "J",
            "middleinitial": "",
            "lastname": "Snow",
            "percentcontribution": "0",
            "sameschoolflag": 1,
            "facultyid": "112002071",
            "authorid": 63625,
            "scholarlyactivityid": 15383
        },
        "63626": {
            "firstname": "Susan",
            "middleinitial": "",
            "lastname": "Martin",
            "percentcontribution": "0",
            "sameschoolflag": 1,
            "facultyid": "111728011",
            "authorid": 63626,
            "scholarlyactivityid": 15383
        }
    },
    "status": [
        {
            "id": 15383,
            "status": "Completed/Published",
            "term": "Fall",
            "year": 2008,
            "termid": "2008/02",
            "listingorder": 6,
            "completionorder": 6
        }
    ],
    "userid": "111728011",
    "attachments": []
}