{
    "activityid": 15392,
    "fields": {
        "Type": "Presentation",
        "Title of Presentation": "Seeing it whole, keeping it complex: An activity systems model for understanding classroom activity ",
        "Conference/Meeting Name": "annual meeting of the American Educational Research Association ",
        "Conference Location": "Montreal, Canada",
        "Date or Date Range": "2005-12-31",
        "Actual/Projected Year of Publication/Presentation": 2005,
        "Sponsoring Organization": "American Educational Research Association ",
        "Presenter(s)": null,
        "Web Address": "",
        "Description/Abstract": "",
        "Origin": "Other"
    },
    "facultyid": "111728011",
    "coauthors": {
        "63647": {
            "firstname": "Susan",
            "middleinitial": "",
            "lastname": "Martin",
            "percentcontribution": "0",
            "sameschoolflag": 1,
            "facultyid": "111728011",
            "authorid": 63647,
            "scholarlyactivityid": 15392
        }
    },
    "status": [
        {
            "id": 15392,
            "status": "Completed/Published",
            "term": "Fall",
            "year": 2005,
            "termid": "2005/02",
            "listingorder": 6,
            "completionorder": 6
        }
    ],
    "userid": "111728011",
    "attachments": []
}