{
    "activityid": 15397,
    "fields": {
        "Type": "Presentation",
        "Title of Presentation": "Impact of beginning teachers' conceptions of classroom management on development of teacher practice ",
        "Conference/Meeting Name": "annual meeting of the American Educational Research Association ",
        "Conference Location": "Seattle, WA",
        "Date or Date Range": "2001-12-31",
        "Actual/Projected Year of Publication/Presentation": 2001,
        "Sponsoring Organization": "American Educational Research Association ",
        "Presenter(s)": null,
        "Web Address": "",
        "Description/Abstract": "",
        "Origin": "Other"
    },
    "facultyid": "111728011",
    "coauthors": {
        "63654": {
            "firstname": "Susan",
            "middleinitial": "",
            "lastname": "Martin",
            "percentcontribution": "0",
            "sameschoolflag": 1,
            "facultyid": "111728011",
            "authorid": 63654,
            "scholarlyactivityid": 15397
        }
    },
    "status": [
        {
            "id": 15397,
            "status": "Completed/Published",
            "term": "Fall",
            "year": 2001,
            "termid": "2001/02",
            "listingorder": 6,
            "completionorder": 6
        }
    ],
    "userid": "111728011",
    "attachments": []
}