{
    "activityid": 15396,
    "fields": {
        "Type": "Presentation",
        "Title of Presentation": "How much is too much, how little is too little? Beginning teachers' learning from reading curriculum ",
        "Conference/Meeting Name": "annual meeting of the American Educational Research Association ",
        "Conference Location": "New Orleans, LA",
        "Date or Date Range": "2001-12-31",
        "Actual/Projected Year of Publication/Presentation": 2001,
        "Sponsoring Organization": "American Educational Research Association ",
        "Presenter(s)": null,
        "Web Address": "",
        "Description/Abstract": "",
        "Origin": "Other"
    },
    "facultyid": "111728011",
    "coauthors": {
        "63651": {
            "firstname": "S",
            "middleinitial": "",
            "lastname": "Valencia",
            "percentcontribution": "0",
            "sameschoolflag": 0,
            "facultyid": null,
            "authorid": 63651,
            "scholarlyactivityid": 15396
        },
        "63652": {
            "firstname": "N",
            "middleinitial": "",
            "lastname": "Place",
            "percentcontribution": "0",
            "sameschoolflag": 0,
            "facultyid": null,
            "authorid": 63652,
            "scholarlyactivityid": 15396
        },
        "63653": {
            "firstname": "Susan",
            "middleinitial": "",
            "lastname": "Martin",
            "percentcontribution": "0",
            "sameschoolflag": 1,
            "facultyid": "111728011",
            "authorid": 63653,
            "scholarlyactivityid": 15396
        }
    },
    "status": [
        {
            "id": 15396,
            "status": "Completed/Published",
            "term": "Fall",
            "year": 2001,
            "termid": "2001/02",
            "listingorder": 6,
            "completionorder": 6
        }
    ],
    "userid": "111728011",
    "attachments": []
}