{
    "activityid": 15395,
    "fields": {
        "Type": "Presentation",
        "Title of Presentation": "Engaging students in writing tasks: Effective teaching and literacy learning ",
        "Conference/Meeting Name": "National Reading Conference",
        "Conference Location": "Miami, FL",
        "Date or Date Range": "2002-12-31",
        "Actual/Projected Year of Publication/Presentation": 2002,
        "Sponsoring Organization": "National Reading Conference",
        "Presenter(s)": null,
        "Web Address": "",
        "Description/Abstract": "",
        "Origin": "Other"
    },
    "facultyid": "111728011",
    "coauthors": {
        "63650": {
            "firstname": "Susan",
            "middleinitial": "",
            "lastname": "Martin",
            "percentcontribution": "0",
            "sameschoolflag": 1,
            "facultyid": "111728011",
            "authorid": 63650,
            "scholarlyactivityid": 15395
        }
    },
    "status": [
        {
            "id": 15395,
            "status": "Completed/Published",
            "term": "Fall",
            "year": 2002,
            "termid": "2002/02",
            "listingorder": 6,
            "completionorder": 6
        }
    ],
    "userid": "111728011",
    "attachments": []
}