{
    "activityid": 15401,
    "fields": {
        "Type": "Poster Presentation",
        "Title of Presentation": "Scaffolding students' participation in writing units: Organization and guidance of writing activity in three urban classrooms ",
        "Conference / Meeting Name": "annual conference of the International Reading Association ",
        "Conference Location": "Chicago, IL",
        "Date or Date Range": "2006-12-31",
        "Actual/Projected Year of Publication/Presentation": 2006,
        "Sponsoring Organization": "International Reading Association ",
        "Presenter(s)": null,
        "Web Address": "",
        "Description/Abstract": "",
        "Origin": "Other"
    },
    "facultyid": "111728011",
    "coauthors": {
        "63666": {
            "firstname": "Susan",
            "middleinitial": "",
            "lastname": "Martin",
            "percentcontribution": "0",
            "sameschoolflag": 1,
            "facultyid": "111728011",
            "authorid": 63666,
            "scholarlyactivityid": 15401
        }
    },
    "status": [
        {
            "id": 15401,
            "status": "Completed/Published",
            "term": "Fall",
            "year": 2006,
            "termid": "2006/02",
            "listingorder": 6,
            "completionorder": 6
        }
    ],
    "userid": "111728011",
    "attachments": []
}