{
    "activityid": 15409,
    "fields": {
        "Type": "Presentation",
        "Title of Presentation": "Creating genre-based writing portfolios in a preservice teacher education writing course",
        "Conference/Meeting Name": "Literacy Research Association",
        "Conference Location": "Jacksonville FL.",
        "Date or Date Range": "2011-12-31",
        "Actual/Projected Year of Publication/Presentation": 2011,
        "Sponsoring Organization": "Teacher Education Research Study Group",
        "Presenter(s)": null,
        "Web Address": "",
        "Description/Abstract": "",
        "Origin": "Other"
    },
    "facultyid": "111728011",
    "coauthors": {
        "63681": {
            "firstname": "Susan",
            "middleinitial": "",
            "lastname": "Martin",
            "percentcontribution": "0",
            "sameschoolflag": 1,
            "facultyid": "111728011",
            "authorid": 63681,
            "scholarlyactivityid": 15409
        },
        "63682": {
            "firstname": "Cheryl",
            "middleinitial": "",
            "lastname": "Dismuke",
            "percentcontribution": "0",
            "sameschoolflag": 1,
            "facultyid": "111346076",
            "authorid": 63682,
            "scholarlyactivityid": 15409
        }
    },
    "status": [
        {
            "id": 15409,
            "status": "Completed/Published",
            "term": "Fall",
            "year": 2011,
            "termid": "2011/02",
            "listingorder": 6,
            "completionorder": 6
        }
    ],
    "userid": "111728011",
    "attachments": []
}