{
    "activityid": 15405,
    "fields": {
        "Type": "Presentation",
        "Title of Presentation": "Promising Practices in Literacy Teacher Education: Researchers of Literacy Teacher Education  Share Best Practices ",
        "Conference/Meeting Name": "annual conference of the Literacy Research Association ",
        "Conference Location": "Jacksonville, FL",
        "Date or Date Range": "2011-12-31",
        "Actual/Projected Year of Publication/Presentation": 2011,
        "Sponsoring Organization": "Literay Research Association ",
        "Presenter(s)": null,
        "Web Address": "",
        "Description/Abstract": "",
        "Origin": "Other"
    },
    "facultyid": "111728011",
    "coauthors": {
        "63672": {
            "firstname": "Susan",
            "middleinitial": "",
            "lastname": "Martin",
            "percentcontribution": "0",
            "sameschoolflag": 1,
            "facultyid": "111728011",
            "authorid": 63672,
            "scholarlyactivityid": 15405
        },
        "63673": {
            "firstname": "S",
            "middleinitial": "",
            "lastname": "Dismuke ",
            "percentcontribution": "0",
            "sameschoolflag": 0,
            "facultyid": null,
            "authorid": 63673,
            "scholarlyactivityid": 15405
        }
    },
    "status": [
        {
            "id": 15405,
            "status": "Completed/Published",
            "term": "Fall",
            "year": 2011,
            "termid": "2011/02",
            "listingorder": 6,
            "completionorder": 6
        }
    ],
    "userid": "111728011",
    "attachments": []
}