{
    "activityid": 15404,
    "fields": {
        "Type": "Presentation",
        "Title of Presentation": "Creating student writing profiles",
        "Conference/Meeting Name": "Literacy Research Association ",
        "Conference Location": "Fort Worth, Texas",
        "Date or Date Range": "2012-12-31",
        "Actual/Projected Year of Publication/Presentation": 2012,
        "Sponsoring Organization": "Literacy Research Association ",
        "Presenter(s)": null,
        "Web Address": "",
        "Description/Abstract": "Interactive session on promoting diversity in literacy teacher education courses presented at the annual Literacy Research Association ",
        "Origin": "Other"
    },
    "facultyid": "111728011",
    "coauthors": {
        "63670": {
            "firstname": "Susan",
            "middleinitial": "",
            "lastname": "Martin",
            "percentcontribution": "0",
            "sameschoolflag": 1,
            "facultyid": "111728011",
            "authorid": 63670,
            "scholarlyactivityid": 15404
        },
        "63671": {
            "firstname": "S",
            "middleinitial": "",
            "lastname": "Dismuke ",
            "percentcontribution": "0",
            "sameschoolflag": 0,
            "facultyid": null,
            "authorid": 63671,
            "scholarlyactivityid": 15404
        }
    },
    "status": [
        {
            "id": 15404,
            "status": "Completed/Published",
            "term": "Fall",
            "year": 2012,
            "termid": "2012/02",
            "listingorder": 6,
            "completionorder": 6
        }
    ],
    "userid": "111728011",
    "attachments": []
}