{
    "activityid": 15415,
    "fields": {
        "Type": "Presentation",
        "Title of Presentation": "Word work and work play: An interactive approach to language arts instruction ",
        "Conference/Meeting Name": "joint conference of the Idaho Council of Teachers of English and the Idaho Chapter of the International Reading Association ",
        "Conference Location": "Idaho Falls, ID",
        "Date or Date Range": "2007-12-31",
        "Actual/Projected Year of Publication/Presentation": 2007,
        "Sponsoring Organization": "Idaho Council of Teachers of English and the Idaho Chapter of the International Reading Association ",
        "Presenter(s)": null,
        "Web Address": "",
        "Description/Abstract": "",
        "Origin": "Other"
    },
    "facultyid": "111728011",
    "coauthors": {
        "63692": {
            "firstname": "Susan",
            "middleinitial": "",
            "lastname": "Martin",
            "percentcontribution": "0",
            "sameschoolflag": 1,
            "facultyid": "111728011",
            "authorid": 63692,
            "scholarlyactivityid": 15415
        }
    },
    "status": [
        {
            "id": 15415,
            "status": "Completed/Published",
            "term": "Fall",
            "year": 2007,
            "termid": "2007/02",
            "listingorder": 6,
            "completionorder": 6
        }
    ],
    "userid": "111728011",
    "attachments": []
}