{
    "activityid": 15418,
    "fields": {
        "Type": "Presentation",
        "Title of Presentation": "Reading comprehension; Music and song across the skill areas; Environmental education: A thematic approach to orla interaction inthe ESL classroom",
        "Conference/Meeting Name": "",
        "Conference Location": "Cagayan, Isabela, Quirino, Batanes Provinces, Philippines",
        "Date or Date Range": "1996-12-31",
        "Actual/Projected Year of Publication/Presentation": 1996,
        "Sponsoring Organization": "",
        "Presenter(s)": null,
        "Web Address": "",
        "Description/Abstract": "",
        "Origin": "Other"
    },
    "facultyid": "111728011",
    "coauthors": {
        "63696": {
            "firstname": "Susan",
            "middleinitial": "",
            "lastname": "Martin",
            "percentcontribution": "0",
            "sameschoolflag": 1,
            "facultyid": "111728011",
            "authorid": 63696,
            "scholarlyactivityid": 15418
        }
    },
    "status": [
        {
            "id": 15418,
            "status": "Completed/Published",
            "term": "Fall",
            "year": 1996,
            "termid": "1996/02",
            "listingorder": 6,
            "completionorder": 6
        }
    ],
    "userid": "111728011",
    "attachments": []
}