{
    "activityid": 15411,
    "fields": {
        "Type": "Presentation",
        "Title of Presentation": "Music and literacy in harmony ",
        "Conference/Meeting Name": "Horizon and Valley Chapters of the Idaho Council of the International Reading Association ",
        "Conference Location": "Meridian, ID",
        "Date or Date Range": "2010-12-31",
        "Actual/Projected Year of Publication/Presentation": 2010,
        "Sponsoring Organization": "Idaho Council of the International Reading Association ",
        "Presenter(s)": null,
        "Web Address": "",
        "Description/Abstract": "",
        "Origin": "Other"
    },
    "facultyid": "111728011",
    "coauthors": {
        "63686": {
            "firstname": "Susan",
            "middleinitial": "",
            "lastname": "Martin",
            "percentcontribution": "0",
            "sameschoolflag": 1,
            "facultyid": "111728011",
            "authorid": 63686,
            "scholarlyactivityid": 15411
        },
        "63687": {
            "firstname": "W",
            "middleinitial": "",
            "lastname": "Martin",
            "percentcontribution": "0",
            "sameschoolflag": 0,
            "facultyid": null,
            "authorid": 63687,
            "scholarlyactivityid": 15411
        }
    },
    "status": [
        {
            "id": 15411,
            "status": "Completed/Published",
            "term": "Fall",
            "year": 2010,
            "termid": "2010/02",
            "listingorder": 6,
            "completionorder": 6
        }
    ],
    "userid": "111728011",
    "attachments": []
}