{
    "activityid": 15419,
    "fields": {
        "Type": "Presentation",
        "Title of Presentation": "Reading and critical thinking ",
        "Conference/Meeting Name": "annual conference of the World Council of Curriculum and Instruction ",
        "Conference Location": "Manila, Republic of the Philippines",
        "Date or Date Range": "1996-12-31",
        "Actual/Projected Year of Publication/Presentation": 1996,
        "Sponsoring Organization": "World Council of Curriculum and Instruction ",
        "Presenter(s)": null,
        "Web Address": "",
        "Description/Abstract": "",
        "Origin": "Other"
    },
    "facultyid": "111728011",
    "coauthors": {
        "63697": {
            "firstname": "Susan",
            "middleinitial": "",
            "lastname": "Martin",
            "percentcontribution": "0",
            "sameschoolflag": 1,
            "facultyid": "111728011",
            "authorid": 63697,
            "scholarlyactivityid": 15419
        }
    },
    "status": [
        {
            "id": 15419,
            "status": "Completed/Published",
            "term": "Fall",
            "year": 1996,
            "termid": "1996/02",
            "listingorder": 6,
            "completionorder": 6
        }
    ],
    "userid": "111728011",
    "attachments": []
}