{
    "activityid": 15420,
    "fields": {
        "Type": "Presentation",
        "Title of Presentation": "Strategies, activities, and resources for ESL reading instruction",
        "Conference/Meeting Name": "Peace Corps volunteer group 247",
        "Conference Location": "Philippines",
        "Date or Date Range": "1996-12-31",
        "Actual/Projected Year of Publication/Presentation": 1996,
        "Sponsoring Organization": "Peace Corps",
        "Presenter(s)": null,
        "Web Address": "",
        "Description/Abstract": "",
        "Origin": "Other"
    },
    "facultyid": "111728011",
    "coauthors": {
        "63698": {
            "firstname": "Susan",
            "middleinitial": "",
            "lastname": "Martin",
            "percentcontribution": "0",
            "sameschoolflag": 1,
            "facultyid": "111728011",
            "authorid": 63698,
            "scholarlyactivityid": 15420
        },
        "63699": {
            "firstname": "D",
            "middleinitial": "",
            "lastname": "Weber",
            "percentcontribution": "0",
            "sameschoolflag": 0,
            "facultyid": null,
            "authorid": 63699,
            "scholarlyactivityid": 15420
        }
    },
    "status": [
        {
            "id": 15420,
            "status": "Completed/Published",
            "term": "Fall",
            "year": 1996,
            "termid": "1996/02",
            "listingorder": 6,
            "completionorder": 6
        }
    ],
    "userid": "111728011",
    "attachments": []
}