{
    "activityid": 15515,
    "fields": {
        "Type": "Presentation",
        "Title of Presentation": "Catholicism, Gender, and the English Mission: New Models of Piety and Gender among Jesuits and Mary Ward's English Ladies",
        "Conference/Meeting Name": "North American Conference on British Studies Annual Conference",
        "Conference Location": "Montreal, Quebec",
        "Date or Date Range": "2012-11-10",
        "Actual/Projected Year of Publication/Presentation": 2012,
        "Sponsoring Organization": "North American Conference on British Studies ",
        "Presenter(s)": null,
        "Web Address": "",
        "Description/Abstract": "",
        "Origin": "Other"
    },
    "facultyid": "111669995",
    "coauthors": {
        "63879": {
            "firstname": "Lisa",
            "middleinitial": "",
            "lastname": "McClain",
            "percentcontribution": "0",
            "sameschoolflag": 1,
            "facultyid": "111669995",
            "authorid": 63879,
            "scholarlyactivityid": 15515
        }
    },
    "status": [
        {
            "id": 15515,
            "status": "Completed/Published",
            "term": "Fall",
            "year": 2012,
            "termid": "2012/02",
            "listingorder": 6,
            "completionorder": 6
        }
    ],
    "userid": "111669995",
    "attachments": []
}