{
    "activityid": 15566,
    "fields": {
        "Type": "Presentation",
        "Title of Presentation": "Fourth Year Evaluation of the Clinical Services Program",
        "Conference/Meeting Name": "Idaho Criminal Justice Commission",
        "Conference Location": "Idaho Correctional Industries Building, Boise, ID",
        "Date or Date Range": "2012-11-30",
        "Actual/Projected Year of Publication/Presentation": 2012,
        "Sponsoring Organization": "Idaho Criminal Justice Commission",
        "Presenter(s)": null,
        "Web Address": "",
        "Description/Abstract": "",
        "Origin": "Other"
    },
    "facultyid": "111669855",
    "coauthors": {
        "63961": {
            "firstname": "Theodore",
            "middleinitial": "",
            "lastname": "McDonald",
            "percentcontribution": "0",
            "sameschoolflag": 1,
            "facultyid": "111669855",
            "authorid": 63961,
            "scholarlyactivityid": 15566
        },
        "63962": {
            "firstname": "Sandina",
            "middleinitial": "",
            "lastname": "Begic",
            "percentcontribution": "0",
            "sameschoolflag": 0,
            "facultyid": null,
            "authorid": 63962,
            "scholarlyactivityid": 15566
        }
    },
    "status": [
        {
            "id": 15566,
            "status": "Completed/Published",
            "term": "Fall",
            "year": 2012,
            "termid": "2012/02",
            "listingorder": 6,
            "completionorder": 6
        }
    ],
    "userid": "111669855",
    "attachments": []
}