{
    "activityid": 15569,
    "fields": {
        "Type": "Presentation",
        "Title of Presentation": "Stress, Coping, and Mental Health in Healthcare Workers",
        "Conference/Meeting Name": "Idaho Society of Radiologic Therapists",
        "Conference Location": "Red Lion Downtowner Hotel, Boise ID",
        "Date or Date Range": "2012-04-30",
        "Actual/Projected Year of Publication/Presentation": 2012,
        "Sponsoring Organization": "Idaho Society of Radiologic Therapists",
        "Presenter(s)": null,
        "Web Address": "",
        "Description/Abstract": "",
        "Origin": "Other"
    },
    "facultyid": "111669855",
    "coauthors": {
        "63969": {
            "firstname": "Theodore",
            "middleinitial": "",
            "lastname": "McDonald",
            "percentcontribution": "0",
            "sameschoolflag": 1,
            "facultyid": "111669855",
            "authorid": 63969,
            "scholarlyactivityid": 15569
        }
    },
    "status": [
        {
            "id": 15569,
            "status": "Completed/Published",
            "term": "Spring",
            "year": 2012,
            "termid": "2011/03",
            "listingorder": 6,
            "completionorder": 6
        }
    ],
    "userid": "111669855",
    "attachments": []
}