{
    "activityid": 15575,
    "fields": {
        "Type": "Presentation",
        "Title of Presentation": "Rural-urban differences in health-related impairment and substance use: The role of religiousness as a mediator/moderator",
        "Conference/Meeting Name": "Annual Meeting of the National Rural Mental Health Association",
        "Conference Location": "Dubuque, IA",
        "Date or Date Range": "2011-06-30",
        "Actual/Projected Year of Publication/Presentation": 2011,
        "Sponsoring Organization": "National Rural Mental Health Association",
        "Presenter(s)": null,
        "Web Address": "",
        "Description/Abstract": "The results of this study show that there is a difference in the extent to which religiousness affects substance use and health-related impairment between urban and rural residents.",
        "Origin": "Other"
    },
    "facultyid": "111669855",
    "coauthors": {
        "63980": {
            "firstname": "Loren",
            "middleinitial": "L",
            "lastname": "Toussaint",
            "percentcontribution": "0",
            "sameschoolflag": 0,
            "facultyid": null,
            "authorid": 63980,
            "scholarlyactivityid": 15575
        },
        "63981": {
            "firstname": "Theodore",
            "middleinitial": "",
            "lastname": "McDonald",
            "percentcontribution": "0",
            "sameschoolflag": 1,
            "facultyid": "111669855",
            "authorid": 63981,
            "scholarlyactivityid": 15575
        }
    },
    "status": [
        {
            "id": 15575,
            "status": "Completed/Published",
            "term": "Summer",
            "year": 2011,
            "termid": "2011/01",
            "listingorder": 6,
            "completionorder": 6
        }
    ],
    "userid": "111669855",
    "attachments": []
}