{
    "activityid": 15576,
    "fields": {
        "Type": "Presentation",
        "Title of Presentation": "Third year evaluation of the Clinical Services program",
        "Conference/Meeting Name": "Joint Powers Advisory Board Meeting",
        "Conference Location": "Snake River Juvenile Detention Center, Twin Falls, ID",
        "Date or Date Range": "2011-04-30",
        "Actual/Projected Year of Publication/Presentation": 2011,
        "Sponsoring Organization": "Joint Powers Advisory Board",
        "Presenter(s)": null,
        "Web Address": "",
        "Description/Abstract": "This presentation covered the results of the third year evaluation of the Idaho Department of Juvenile Correction's Clinical Services program.",
        "Origin": "Other"
    },
    "facultyid": "111669855",
    "coauthors": {
        "63982": {
            "firstname": "Theodore",
            "middleinitial": "",
            "lastname": "McDonald",
            "percentcontribution": "0",
            "sameschoolflag": 1,
            "facultyid": "111669855",
            "authorid": 63982,
            "scholarlyactivityid": 15576
        }
    },
    "status": [
        {
            "id": 15576,
            "status": "Completed/Published",
            "term": "Spring",
            "year": 2011,
            "termid": "2010/03",
            "listingorder": 6,
            "completionorder": 6
        }
    ],
    "userid": "111669855",
    "attachments": []
}