{
    "activityid": 15577,
    "fields": {
        "Type": "Poster Presentation",
        "Title of Presentation": "Mental health and substance abuse problems among detained juveniles: Disturbing prevalence",
        "Conference / Meeting Name": "American Public Health Association",
        "Conference Location": "Denver",
        "Date or Date Range": "2010-11-30",
        "Actual/Projected Year of Publication/Presentation": 2010,
        "Sponsoring Organization": "American Public Health Association",
        "Presenter(s)": null,
        "Web Address": "",
        "Description/Abstract": "Showed that providers' perceived prevalence of anxiety problems was greatest in urban counties of Idaho, and that substance abuse and domestic violence were perceived to be more prevalent in frontier counties.",
        "Origin": "Other"
    },
    "facultyid": "111669855",
    "coauthors": {
        "63983": {
            "firstname": "Theodore",
            "middleinitial": "",
            "lastname": "McDonald",
            "percentcontribution": "0",
            "sameschoolflag": 1,
            "facultyid": "111669855",
            "authorid": 63983,
            "scholarlyactivityid": 15577
        },
        "63984": {
            "firstname": "Alexander",
            "middleinitial": "A.",
            "lastname": "Theiler",
            "percentcontribution": "0",
            "sameschoolflag": 0,
            "facultyid": null,
            "authorid": 63984,
            "scholarlyactivityid": 15577
        }
    },
    "status": [
        {
            "id": 15577,
            "status": "Completed/Published",
            "term": "Fall",
            "year": 2010,
            "termid": "2010/02",
            "listingorder": 6,
            "completionorder": 6
        }
    ],
    "userid": "111669855",
    "attachments": []
}