{
    "activityid": 15571,
    "fields": {
        "Type": "Presentation",
        "Title of Presentation": "Mental health and substance abuse problems among detained juveniles: Disturbing prevalence",
        "Conference/Meeting Name": "American Public Health Association",
        "Conference Location": "Denver",
        "Date or Date Range": "2010-11-30",
        "Actual/Projected Year of Publication/Presentation": 2010,
        "Sponsoring Organization": "American Public Health Association",
        "Presenter(s)": null,
        "Web Address": "",
        "Description/Abstract": "Described findings from mental health and substance abuse screening in 11 juvenile detention centers throughout Idaho.  Showed two-thirds and over half of detained juveniles suffer mental health and substance abuse problems, respectively.",
        "Origin": "Other"
    },
    "facultyid": "111669855",
    "coauthors": {
        "63971": {
            "firstname": "Theodore",
            "middleinitial": "",
            "lastname": "McDonald",
            "percentcontribution": "0",
            "sameschoolflag": 1,
            "facultyid": "111669855",
            "authorid": 63971,
            "scholarlyactivityid": 15571
        },
        "63972": {
            "firstname": "Linda",
            "middleinitial": "Sue",
            "lastname": "Osgood",
            "percentcontribution": "0",
            "sameschoolflag": 1,
            "facultyid": "111319414",
            "authorid": 63972,
            "scholarlyactivityid": 15571
        },
        "63973": {
            "firstname": "Emily ",
            "middleinitial": "M. ",
            "lastname": "VanNess",
            "percentcontribution": "0",
            "sameschoolflag": 0,
            "facultyid": null,
            "authorid": 63973,
            "scholarlyactivityid": 15571
        }
    },
    "status": [
        {
            "id": 15571,
            "status": "Completed/Published",
            "term": "Fall",
            "year": 2010,
            "termid": "2010/02",
            "listingorder": 6,
            "completionorder": 6
        }
    ],
    "userid": "111669855",
    "attachments": []
}