{
    "activityid": 15580,
    "fields": {
        "Type": "Presentation",
        "Title of Presentation": "Third year evaluation of the Clinical Services program",
        "Conference/Meeting Name": "Juvenile Detention Centers Clinicians and Administrators Meeting",
        "Conference Location": "Ameritel Inn, Boise",
        "Date or Date Range": "2011-02-28",
        "Actual/Projected Year of Publication/Presentation": 2011,
        "Sponsoring Organization": "Idaho Department of Juvenile Corrections",
        "Presenter(s)": null,
        "Web Address": "",
        "Description/Abstract": "This presentation covered the results of the third year evaluation of the Idaho Department of Juvenile Correction's Clinical Services program.",
        "Origin": "Other"
    },
    "facultyid": "111669855",
    "coauthors": {
        "63989": {
            "firstname": "Theodore",
            "middleinitial": "",
            "lastname": "McDonald",
            "percentcontribution": "0",
            "sameschoolflag": 1,
            "facultyid": "111669855",
            "authorid": 63989,
            "scholarlyactivityid": 15580
        }
    },
    "status": [
        {
            "id": 15580,
            "status": "Completed/Published",
            "term": "Spring",
            "year": 2011,
            "termid": "2010/03",
            "listingorder": 6,
            "completionorder": 6
        }
    ],
    "userid": "111669855",
    "attachments": []
}