{
    "activityid": 15589,
    "fields": {
        "Type": "Poster Presentation",
        "Title of Presentation": "Isolation and Analysis of Steroidal Alkaloids from Veratrum californicum",
        "Conference / Meeting Name": "Idaho INBRE",
        "Conference Location": "Moscow, ID",
        "Date or Date Range": "2012-08-04",
        "Actual/Projected Year of Publication/Presentation": 2012,
        "Sponsoring Organization": "NIH",
        "Presenter(s)": null,
        "Web Address": "",
        "Description/Abstract": "",
        "Origin": "Other"
    },
    "facultyid": "112100122",
    "coauthors": {
        "64011": {
            "firstname": "Owen",
            "middleinitial": "Michael",
            "lastname": "McDougal",
            "percentcontribution": "0",
            "sameschoolflag": 1,
            "facultyid": "112100122",
            "authorid": 64011,
            "scholarlyactivityid": 15589
        },
        "64012": {
            "firstname": "Susana",
            "middleinitial": "",
            "lastname": "Jimenez",
            "percentcontribution": "0",
            "sameschoolflag": 0,
            "facultyid": null,
            "authorid": 64012,
            "scholarlyactivityid": 15589
        }
    },
    "status": [
        {
            "id": 15589,
            "status": "Completed/Published",
            "term": "Summer",
            "year": 2012,
            "termid": "2012/01",
            "listingorder": 6,
            "completionorder": 6
        }
    ],
    "userid": "112100122",
    "attachments": []
}