{
    "activityid": 15581,
    "fields": {
        "Type": "Presentation",
        "Title of Presentation": "Veratrum californicum: Of One-eyed Sheep and Hedgehogs",
        "Conference/Meeting Name": "AAASPD",
        "Conference Location": "University of Las Vegas, Nevada",
        "Date or Date Range": "2013-06-25",
        "Actual/Projected Year of Publication/Presentation": 2013,
        "Sponsoring Organization": "",
        "Presenter(s)": null,
        "Web Address": "",
        "Description/Abstract": "",
        "Origin": "Other"
    },
    "facultyid": "112100122",
    "coauthors": {
        "63990": {
            "firstname": "Owen",
            "middleinitial": "Michael",
            "lastname": "McDougal",
            "percentcontribution": "0",
            "sameschoolflag": 1,
            "facultyid": "112100122",
            "authorid": 63990,
            "scholarlyactivityid": 15581
        }
    },
    "status": [
        {
            "id": 15581,
            "status": "Completed/Published",
            "term": "Summer",
            "year": 2013,
            "termid": "2013/01",
            "listingorder": 6,
            "completionorder": 6
        }
    ],
    "userid": "112100122",
    "attachments": []
}