{
    "activityid": 15582,
    "fields": {
        "Type": "Poster Presentation",
        "Title of Presentation": "Extraction Optimization of Bioactive Alkaloids from Veratrum californicum",
        "Conference / Meeting Name": "Idaho Conference on Undergraduate Research",
        "Conference Location": "Boise",
        "Date or Date Range": "2015-07-29",
        "Actual/Projected Year of Publication/Presentation": 2015,
        "Sponsoring Organization": "Boise State University",
        "Presenter(s)": null,
        "Web Address": "",
        "Description/Abstract": "",
        "Origin": "Other"
    },
    "facultyid": "112100122",
    "coauthors": {
        "63991": {
            "firstname": "Jordan",
            "middleinitial": "",
            "lastname": "Elwell",
            "percentcontribution": "0",
            "sameschoolflag": 0,
            "facultyid": null,
            "authorid": 63991,
            "scholarlyactivityid": 15582
        },
        "63992": {
            "firstname": "Owen",
            "middleinitial": "Michael",
            "lastname": "McDougal",
            "percentcontribution": "0",
            "sameschoolflag": 1,
            "facultyid": "112100122",
            "authorid": 63992,
            "scholarlyactivityid": 15582
        }
    },
    "status": [
        {
            "id": 15582,
            "status": "Completed/Published",
            "term": "Summer",
            "year": 2015,
            "termid": "2015/01",
            "listingorder": 6,
            "completionorder": 6
        }
    ],
    "userid": "112100122",
    "attachments": []
}