{
    "activityid": 15585,
    "fields": {
        "Type": "Poster Presentation",
        "Title of Presentation": "Chemical Warfare Agents in Plants: Biodefensive Terpenes from Sagebrush",
        "Conference / Meeting Name": "The 10th annual URC",
        "Conference Location": "Boise, ID",
        "Date or Date Range": "2013-04-30",
        "Actual/Projected Year of Publication/Presentation": 2013,
        "Sponsoring Organization": "",
        "Presenter(s)": null,
        "Web Address": "",
        "Description/Abstract": "",
        "Origin": "Other"
    },
    "facultyid": "112100122",
    "coauthors": {
        "63999": {
            "firstname": "Belinda",
            "middleinitial": "",
            "lastname": "Stierman",
            "percentcontribution": "0",
            "sameschoolflag": 0,
            "facultyid": null,
            "authorid": 63999,
            "scholarlyactivityid": 15585
        },
        "64000": {
            "firstname": "Jennifer",
            "middleinitial": "S",
            "lastname": "Forbey",
            "percentcontribution": "0",
            "sameschoolflag": 1,
            "facultyid": "112172788",
            "authorid": 64000,
            "scholarlyactivityid": 15585
        },
        "64001": {
            "firstname": "Owen",
            "middleinitial": "Michael",
            "lastname": "McDougal",
            "percentcontribution": "0",
            "sameschoolflag": 1,
            "facultyid": "112100122",
            "authorid": 64001,
            "scholarlyactivityid": 15585
        }
    },
    "status": [
        {
            "id": 15585,
            "status": "Completed/Published",
            "term": "Spring",
            "year": 2013,
            "termid": "2012/03",
            "listingorder": 6,
            "completionorder": 6
        }
    ],
    "userid": "112100122",
    "attachments": []
}