{
    "activityid": 15592,
    "fields": {
        "Type": "Poster Presentation",
        "Title of Presentation": "DockoMatic Molecular Docking: Computational Laboratory Experiment",
        "Conference / Meeting Name": "URC",
        "Conference Location": "Boise, ID",
        "Date or Date Range": "2012-07-31",
        "Actual/Projected Year of Publication/Presentation": 2012,
        "Sponsoring Organization": "Boise State University",
        "Presenter(s)": null,
        "Web Address": "",
        "Description/Abstract": "",
        "Origin": "Other"
    },
    "facultyid": "112100122",
    "coauthors": {
        "64021": {
            "firstname": "Andrew",
            "middleinitial": "",
            "lastname": "Remm",
            "percentcontribution": "0",
            "sameschoolflag": 0,
            "facultyid": null,
            "authorid": 64021,
            "scholarlyactivityid": 15592
        },
        "64022": {
            "firstname": "Ken",
            "middleinitial": "",
            "lastname": "Weekes",
            "percentcontribution": "0",
            "sameschoolflag": 0,
            "facultyid": null,
            "authorid": 64022,
            "scholarlyactivityid": 15592
        },
        "64023": {
            "firstname": "Owen",
            "middleinitial": "Michael",
            "lastname": "McDougal",
            "percentcontribution": "0",
            "sameschoolflag": 1,
            "facultyid": "112100122",
            "authorid": 64023,
            "scholarlyactivityid": 15592
        }
    },
    "status": [
        {
            "id": 15592,
            "status": "Completed/Published",
            "term": "Summer",
            "year": 2012,
            "termid": "2012/01",
            "listingorder": 6,
            "completionorder": 6
        }
    ],
    "userid": "112100122",
    "attachments": []
}