{
    "activityid": 15596,
    "fields": {
        "Type": "Poster Presentation",
        "Title of Presentation": "Processing and Analysis of Complex NMR Spectra with AMIX",
        "Conference / Meeting Name": "BSU URC",
        "Conference Location": "BSU",
        "Date or Date Range": "2012-07-23",
        "Actual/Projected Year of Publication/Presentation": 2012,
        "Sponsoring Organization": "BSU",
        "Presenter(s)": null,
        "Web Address": "",
        "Description/Abstract": "",
        "Origin": "Other"
    },
    "facultyid": "112100122",
    "coauthors": {
        "64031": {
            "firstname": "Owen",
            "middleinitial": "Michael",
            "lastname": "McDougal",
            "percentcontribution": "0",
            "sameschoolflag": 1,
            "facultyid": "112100122",
            "authorid": 64031,
            "scholarlyactivityid": 15596
        },
        "64032": {
            "firstname": "Kevin",
            "middleinitial": "",
            "lastname": "Hou",
            "percentcontribution": "0",
            "sameschoolflag": 0,
            "facultyid": null,
            "authorid": 64032,
            "scholarlyactivityid": 15596
        }
    },
    "status": [
        {
            "id": 15596,
            "status": "Completed/Published",
            "term": "Summer",
            "year": 2012,
            "termid": "2012/01",
            "listingorder": 6,
            "completionorder": 6
        }
    ],
    "userid": "112100122",
    "attachments": []
}