{
    "activityid": 15597,
    "fields": {
        "Type": "Poster Presentation",
        "Title of Presentation": "Investigation of Parkinson\u2019s using Peptide Probes",
        "Conference / Meeting Name": "67th Annual ACS NORM conference",
        "Conference Location": "Boise, ID",
        "Date or Date Range": "2012-06-25",
        "Actual/Projected Year of Publication/Presentation": 2012,
        "Sponsoring Organization": "American Chemical Society",
        "Presenter(s)": null,
        "Web Address": "",
        "Description/Abstract": "",
        "Origin": "Other"
    },
    "facultyid": "112100122",
    "coauthors": {
        "64033": {
            "firstname": "Owen",
            "middleinitial": "Michael",
            "lastname": "McDougal",
            "percentcontribution": "0",
            "sameschoolflag": 1,
            "facultyid": "112100122",
            "authorid": 64033,
            "scholarlyactivityid": 15597
        },
        "64034": {
            "firstname": "Erik",
            "middleinitial": "",
            "lastname": "Sheldon",
            "percentcontribution": "0",
            "sameschoolflag": 0,
            "facultyid": null,
            "authorid": 64034,
            "scholarlyactivityid": 15597
        }
    },
    "status": [
        {
            "id": 15597,
            "status": "Completed/Published",
            "term": "Summer",
            "year": 2012,
            "termid": "2012/01",
            "listingorder": 6,
            "completionorder": 6
        }
    ],
    "userid": "112100122",
    "attachments": []
}