{
    "activityid": 15591,
    "fields": {
        "Type": "Poster Presentation",
        "Title of Presentation": "Characterization of Steroidal Alkaloids Isolated from Veratrum californicum",
        "Conference / Meeting Name": "URC",
        "Conference Location": "Boise, ID",
        "Date or Date Range": "2012-07-31",
        "Actual/Projected Year of Publication/Presentation": 2012,
        "Sponsoring Organization": "Boise State University",
        "Presenter(s)": null,
        "Web Address": "",
        "Description/Abstract": "",
        "Origin": "Other"
    },
    "facultyid": "112100122",
    "coauthors": {
        "64016": {
            "firstname": "Susana",
            "middleinitial": "T",
            "lastname": "Jimenez",
            "percentcontribution": "0",
            "sameschoolflag": 0,
            "facultyid": null,
            "authorid": 64016,
            "scholarlyactivityid": 15591
        },
        "64017": {
            "firstname": "Jessica",
            "middleinitial": "",
            "lastname": "Brookhouse",
            "percentcontribution": "0",
            "sameschoolflag": 0,
            "facultyid": null,
            "authorid": 64017,
            "scholarlyactivityid": 15591
        },
        "64018": {
            "firstname": "Andrew",
            "middleinitial": "",
            "lastname": "Remm",
            "percentcontribution": "0",
            "sameschoolflag": 0,
            "facultyid": null,
            "authorid": 64018,
            "scholarlyactivityid": 15591
        },
        "64019": {
            "firstname": "Ashley",
            "middleinitial": "",
            "lastname": "Fisher",
            "percentcontribution": "0",
            "sameschoolflag": 0,
            "facultyid": null,
            "authorid": 64019,
            "scholarlyactivityid": 15591
        },
        "64020": {
            "firstname": "Owen",
            "middleinitial": "Michael",
            "lastname": "McDougal",
            "percentcontribution": "0",
            "sameschoolflag": 1,
            "facultyid": "112100122",
            "authorid": 64020,
            "scholarlyactivityid": 15591
        }
    },
    "status": [
        {
            "id": 15591,
            "status": "Completed/Published",
            "term": "Summer",
            "year": 2012,
            "termid": "2012/01",
            "listingorder": 6,
            "completionorder": 6
        }
    ],
    "userid": "112100122",
    "attachments": []
}