{
    "activityid": 15608,
    "fields": {
        "Type": "Poster Presentation",
        "Title of Presentation": "Extraction and Isolation of Cyclopamine from Veratrum californicum",
        "Conference / Meeting Name": "American Chemical Society",
        "Conference Location": "San Diego, California",
        "Date or Date Range": "2012-03-24",
        "Actual/Projected Year of Publication/Presentation": 2012,
        "Sponsoring Organization": "",
        "Presenter(s)": null,
        "Web Address": "",
        "Description/Abstract": "",
        "Origin": "Other"
    },
    "facultyid": "112100122",
    "coauthors": {
        "64054": {
            "firstname": "Owen",
            "middleinitial": "Michael",
            "lastname": "McDougal",
            "percentcontribution": "0",
            "sameschoolflag": 1,
            "facultyid": "112100122",
            "authorid": 64054,
            "scholarlyactivityid": 15608
        },
        "64055": {
            "firstname": "Rynne",
            "middleinitial": "",
            "lastname": "Ambrose",
            "percentcontribution": "0",
            "sameschoolflag": 0,
            "facultyid": null,
            "authorid": 64055,
            "scholarlyactivityid": 15608
        }
    },
    "status": [
        {
            "id": 15608,
            "status": "Completed/Published",
            "term": "Spring",
            "year": 2012,
            "termid": "2011/03",
            "listingorder": 6,
            "completionorder": 6
        }
    ],
    "userid": "112100122",
    "attachments": []
}