{
    "activityid": 15604,
    "fields": {
        "Type": "Poster Presentation",
        "Title of Presentation": "Evaluating the Role of Computational Molecular Docking in Predicting Binding Paradigms",
        "Conference / Meeting Name": "67th Annual ACS NORM conference",
        "Conference Location": "Boise, ID",
        "Date or Date Range": "2012-06-15",
        "Actual/Projected Year of Publication/Presentation": 2012,
        "Sponsoring Organization": "American Chemical Society",
        "Presenter(s)": null,
        "Web Address": "",
        "Description/Abstract": "",
        "Origin": "Other"
    },
    "facultyid": "112100122",
    "coauthors": {
        "64045": {
            "firstname": "Owen",
            "middleinitial": "Michael",
            "lastname": "McDougal",
            "percentcontribution": "0",
            "sameschoolflag": 1,
            "facultyid": "112100122",
            "authorid": 64045,
            "scholarlyactivityid": 15604
        },
        "64046": {
            "firstname": "Andrew",
            "middleinitial": "",
            "lastname": "Remm",
            "percentcontribution": "0",
            "sameschoolflag": 0,
            "facultyid": null,
            "authorid": 64046,
            "scholarlyactivityid": 15604
        }
    },
    "status": [
        {
            "id": 15604,
            "status": "Completed/Published",
            "term": "Summer",
            "year": 2012,
            "termid": "2012/01",
            "listingorder": 6,
            "completionorder": 6
        }
    ],
    "userid": "112100122",
    "attachments": []
}