{
    "activityid": 15610,
    "fields": {
        "Type": "Poster Presentation",
        "Title of Presentation": "Collagen Type XI ?1 Chain NPP Structural Model and Glycosaminoglycan Interactions In Silico",
        "Conference / Meeting Name": "BIOCOMP'11, International Conference on Bioinformatics and Computational Biology",
        "Conference Location": "Las Vegas, NV",
        "Date or Date Range": "2011-07-31",
        "Actual/Projected Year of Publication/Presentation": 2011,
        "Sponsoring Organization": "",
        "Presenter(s)": null,
        "Web Address": "",
        "Description/Abstract": "",
        "Origin": "Other"
    },
    "facultyid": "112100122",
    "coauthors": {
        "64058": {
            "firstname": "Chris",
            "middleinitial": "",
            "lastname": "Mallory",
            "percentcontribution": "0",
            "sameschoolflag": 0,
            "facultyid": null,
            "authorid": 64058,
            "scholarlyactivityid": 15610
        },
        "64059": {
            "firstname": "Julia",
            "middleinitial": "Thom",
            "lastname": "Oxford",
            "percentcontribution": "0",
            "sameschoolflag": 1,
            "facultyid": "111643744",
            "authorid": 64059,
            "scholarlyactivityid": 15610
        },
        "64060": {
            "firstname": "Owen",
            "middleinitial": "Michael",
            "lastname": "McDougal",
            "percentcontribution": "0",
            "sameschoolflag": 1,
            "facultyid": "112100122",
            "authorid": 64060,
            "scholarlyactivityid": 15610
        }
    },
    "status": [
        {
            "id": 15610,
            "status": "Completed/Published",
            "term": "Summer",
            "year": 2011,
            "termid": "2011/01",
            "listingorder": 6,
            "completionorder": 6
        }
    ],
    "userid": "112100122",
    "attachments": []
}