{
    "activityid": 15615,
    "fields": {
        "Type": "Poster Presentation",
        "Title of Presentation": "Metabolic",
        "Conference / Meeting Name": "The 8th Annual INBRE Conference",
        "Conference Location": "Moscow, ID",
        "Date or Date Range": "2010-08-31",
        "Actual/Projected Year of Publication/Presentation": 2010,
        "Sponsoring Organization": "",
        "Presenter(s)": null,
        "Web Address": "",
        "Description/Abstract": "",
        "Origin": "Other"
    },
    "facultyid": "112100122",
    "coauthors": {
        "64075": {
            "firstname": "Mark",
            "middleinitial": "M",
            "lastname": "Swartz",
            "percentcontribution": "0",
            "sameschoolflag": 0,
            "facultyid": null,
            "authorid": 64075,
            "scholarlyactivityid": 15615
        },
        "64076": {
            "firstname": "Seth",
            "middleinitial": "",
            "lastname": "Eidemiller",
            "percentcontribution": "0",
            "sameschoolflag": 0,
            "facultyid": null,
            "authorid": 64076,
            "scholarlyactivityid": 15615
        },
        "64077": {
            "firstname": "Kenneth",
            "middleinitial": "Allison",
            "lastname": "Cornell",
            "percentcontribution": "0",
            "sameschoolflag": 1,
            "facultyid": "112033562",
            "authorid": 64077,
            "scholarlyactivityid": 15615
        },
        "64078": {
            "firstname": "Owen",
            "middleinitial": "Michael",
            "lastname": "McDougal",
            "percentcontribution": "0",
            "sameschoolflag": 1,
            "facultyid": "112100122",
            "authorid": 64078,
            "scholarlyactivityid": 15615
        }
    },
    "status": [
        {
            "id": 15615,
            "status": "Completed/Published",
            "term": "Summer",
            "year": 2010,
            "termid": "2010/01",
            "listingorder": 6,
            "completionorder": 6
        }
    ],
    "userid": "112100122",
    "attachments": []
}