{
    "activityid": 15618,
    "fields": {
        "Type": "Poster Presentation",
        "Title of Presentation": "Bioinformatics, Homology Modeling, and Parkinson's Disease",
        "Conference / Meeting Name": "URC",
        "Conference Location": "Boise, ID",
        "Date or Date Range": "2010-04-30",
        "Actual/Projected Year of Publication/Presentation": 2010,
        "Sponsoring Organization": "Boise State University",
        "Presenter(s)": null,
        "Web Address": "",
        "Description/Abstract": "",
        "Origin": "Other"
    },
    "facultyid": "112100122",
    "coauthors": {
        "64088": {
            "firstname": "Chris",
            "middleinitial": "",
            "lastname": "Mallory",
            "percentcontribution": "0",
            "sameschoolflag": 0,
            "facultyid": null,
            "authorid": 64088,
            "scholarlyactivityid": 15618
        },
        "64089": {
            "firstname": "Owen",
            "middleinitial": "Michael",
            "lastname": "McDougal",
            "percentcontribution": "0",
            "sameschoolflag": 1,
            "facultyid": "112100122",
            "authorid": 64089,
            "scholarlyactivityid": 15618
        }
    },
    "status": [
        {
            "id": 15618,
            "status": "Completed/Published",
            "term": "Spring",
            "year": 2010,
            "termid": "2009/03",
            "listingorder": 6,
            "completionorder": 6
        }
    ],
    "userid": "112100122",
    "attachments": []
}