{
    "activityid": 15617,
    "fields": {
        "Type": "Poster Presentation",
        "Title of Presentation": "Using NMR Techniques in a Model Biphasic System to Find Partition Coefficients",
        "Conference / Meeting Name": "The 91st Annual AAASPD Conference",
        "Conference Location": "Ashland, OR",
        "Date or Date Range": "2010-06-30",
        "Actual/Projected Year of Publication/Presentation": 2010,
        "Sponsoring Organization": "",
        "Presenter(s)": null,
        "Web Address": "",
        "Description/Abstract": "",
        "Origin": "Other"
    },
    "facultyid": "112100122",
    "coauthors": {
        "64082": {
            "firstname": "Emily",
            "middleinitial": "",
            "lastname": "Drussel",
            "percentcontribution": "0",
            "sameschoolflag": 0,
            "facultyid": null,
            "authorid": 64082,
            "scholarlyactivityid": 15617
        },
        "64083": {
            "firstname": "Bryan",
            "middleinitial": "",
            "lastname": "Martin",
            "percentcontribution": "0",
            "sameschoolflag": 0,
            "facultyid": null,
            "authorid": 64083,
            "scholarlyactivityid": 15617
        },
        "64084": {
            "firstname": "David",
            "middleinitial": "",
            "lastname": "Luker",
            "percentcontribution": "0",
            "sameschoolflag": 0,
            "facultyid": null,
            "authorid": 64084,
            "scholarlyactivityid": 15617
        },
        "64085": {
            "firstname": "Michael",
            "middleinitial": "",
            "lastname": "Hill",
            "percentcontribution": "0",
            "sameschoolflag": 0,
            "facultyid": null,
            "authorid": 64085,
            "scholarlyactivityid": 15617
        },
        "64086": {
            "firstname": "Gerry",
            "middleinitial": "",
            "lastname": "Chingas",
            "percentcontribution": "0",
            "sameschoolflag": 0,
            "facultyid": null,
            "authorid": 64086,
            "scholarlyactivityid": 15617
        },
        "64087": {
            "firstname": "Owen",
            "middleinitial": "Michael",
            "lastname": "McDougal",
            "percentcontribution": "0",
            "sameschoolflag": 1,
            "facultyid": "112100122",
            "authorid": 64087,
            "scholarlyactivityid": 15617
        }
    },
    "status": [
        {
            "id": 15617,
            "status": "Completed/Published",
            "term": "Summer",
            "year": 2010,
            "termid": "2010/01",
            "listingorder": 6,
            "completionorder": 6
        }
    ],
    "userid": "112100122",
    "attachments": []
}