{
    "activityid": 15613,
    "fields": {
        "Type": "Poster Presentation",
        "Title of Presentation": "Automatic DockoMatic: Ligand and Receptor Screening Made Easy",
        "Conference / Meeting Name": "240th National ACS Meeting",
        "Conference Location": "Boston, MA",
        "Date or Date Range": "2010-08-31",
        "Actual/Projected Year of Publication/Presentation": 2010,
        "Sponsoring Organization": "",
        "Presenter(s)": null,
        "Web Address": "",
        "Description/Abstract": "",
        "Origin": "Other"
    },
    "facultyid": "112100122",
    "coauthors": {
        "64070": {
            "firstname": "Owen",
            "middleinitial": "Michael",
            "lastname": "McDougal",
            "percentcontribution": "0",
            "sameschoolflag": 1,
            "facultyid": "112100122",
            "authorid": 64070,
            "scholarlyactivityid": 15613
        },
        "64071": {
            "firstname": "Reed",
            "middleinitial": "",
            "lastname": "Jacob",
            "percentcontribution": "0",
            "sameschoolflag": 0,
            "facultyid": null,
            "authorid": 64071,
            "scholarlyactivityid": 15613
        }
    },
    "status": [
        {
            "id": 15613,
            "status": "Completed/Published",
            "term": "Summer",
            "year": 2010,
            "termid": "2010/01",
            "listingorder": 6,
            "completionorder": 6
        }
    ],
    "userid": "112100122",
    "attachments": []
}