{
    "activityid": 15619,
    "fields": {
        "Type": "Poster Presentation",
        "Title of Presentation": "Determination of Sulfated Glycosaminoglycan Binding Sites within Collagen Type XI Using Surface Plasmon Resonance and Nuclear Magnetic Resonance Spectroscopy",
        "Conference / Meeting Name": "URC",
        "Conference Location": "Boise, ID",
        "Date or Date Range": "2010-04-30",
        "Actual/Projected Year of Publication/Presentation": 2010,
        "Sponsoring Organization": "Boise State University",
        "Presenter(s)": null,
        "Web Address": "",
        "Description/Abstract": "",
        "Origin": "Other"
    },
    "facultyid": "112100122",
    "coauthors": {
        "64090": {
            "firstname": "Luke",
            "middleinitial": "",
            "lastname": "Woodbury",
            "percentcontribution": "0",
            "sameschoolflag": 0,
            "facultyid": null,
            "authorid": 64090,
            "scholarlyactivityid": 15619
        },
        "64091": {
            "firstname": "Kendra",
            "middleinitial": "",
            "lastname": "Coonse",
            "percentcontribution": "0",
            "sameschoolflag": 0,
            "facultyid": null,
            "authorid": 64091,
            "scholarlyactivityid": 15619
        },
        "64092": {
            "firstname": "Owen",
            "middleinitial": "Michael",
            "lastname": "McDougal",
            "percentcontribution": "0",
            "sameschoolflag": 1,
            "facultyid": "112100122",
            "authorid": 64092,
            "scholarlyactivityid": 15619
        },
        "64093": {
            "firstname": "Julia",
            "middleinitial": "Thom",
            "lastname": "Oxford",
            "percentcontribution": "0",
            "sameschoolflag": 1,
            "facultyid": "111643744",
            "authorid": 64093,
            "scholarlyactivityid": 15619
        }
    },
    "status": [
        {
            "id": 15619,
            "status": "Completed/Published",
            "term": "Spring",
            "year": 2010,
            "termid": "2009/03",
            "listingorder": 6,
            "completionorder": 6
        }
    ],
    "userid": "112100122",
    "attachments": []
}