{
    "activityid": 15616,
    "fields": {
        "Type": "Poster Presentation",
        "Title of Presentation": "NMR Investigation of Conotoxin",
        "Conference / Meeting Name": "The 8th Annual INBRE Conference",
        "Conference Location": "Moscow, ID",
        "Date or Date Range": "2010-08-31",
        "Actual/Projected Year of Publication/Presentation": 2010,
        "Sponsoring Organization": "",
        "Presenter(s)": null,
        "Web Address": "",
        "Description/Abstract": "",
        "Origin": "Other"
    },
    "facultyid": "112100122",
    "coauthors": {
        "64079": {
            "firstname": "Nick",
            "middleinitial": "",
            "lastname": "Weires",
            "percentcontribution": "0",
            "sameschoolflag": 0,
            "facultyid": null,
            "authorid": 64079,
            "scholarlyactivityid": 15616
        },
        "64080": {
            "firstname": "Andrew",
            "middleinitial": "",
            "lastname": "Narver",
            "percentcontribution": "0",
            "sameschoolflag": 0,
            "facultyid": null,
            "authorid": 64080,
            "scholarlyactivityid": 15616
        },
        "64081": {
            "firstname": "Owen",
            "middleinitial": "Michael",
            "lastname": "McDougal",
            "percentcontribution": "0",
            "sameschoolflag": 1,
            "facultyid": "112100122",
            "authorid": 64081,
            "scholarlyactivityid": 15616
        }
    },
    "status": [
        {
            "id": 15616,
            "status": "Completed/Published",
            "term": "Summer",
            "year": 2010,
            "termid": "2010/01",
            "listingorder": 6,
            "completionorder": 6
        }
    ],
    "userid": "112100122",
    "attachments": []
}