{
    "activityid": 15612,
    "fields": {
        "Type": "Poster Presentation",
        "Title of Presentation": "Investigation of Parkinson\u2019s Using Peptide Probes",
        "Conference / Meeting Name": "URC",
        "Conference Location": "Boise, ID",
        "Date or Date Range": "2011-04-30",
        "Actual/Projected Year of Publication/Presentation": 2011,
        "Sponsoring Organization": "Boise State University",
        "Presenter(s)": null,
        "Web Address": "",
        "Description/Abstract": "",
        "Origin": "Other"
    },
    "facultyid": "112100122",
    "coauthors": {
        "64067": {
            "firstname": "Mark",
            "middleinitial": "M",
            "lastname": "Swartz",
            "percentcontribution": "0",
            "sameschoolflag": 0,
            "facultyid": null,
            "authorid": 64067,
            "scholarlyactivityid": 15612
        },
        "64068": {
            "firstname": "Chris",
            "middleinitial": "",
            "lastname": "Mallory",
            "percentcontribution": "0",
            "sameschoolflag": 0,
            "facultyid": null,
            "authorid": 64068,
            "scholarlyactivityid": 15612
        },
        "64069": {
            "firstname": "Owen",
            "middleinitial": "Michael",
            "lastname": "McDougal",
            "percentcontribution": "0",
            "sameschoolflag": 1,
            "facultyid": "112100122",
            "authorid": 64069,
            "scholarlyactivityid": 15612
        }
    },
    "status": [
        {
            "id": 15612,
            "status": "Completed/Published",
            "term": "Spring",
            "year": 2011,
            "termid": "2010/03",
            "listingorder": 6,
            "completionorder": 6
        }
    ],
    "userid": "112100122",
    "attachments": []
}