{
    "activityid": 15621,
    "fields": {
        "Type": "Poster Presentation",
        "Title of Presentation": "pKa Determination of Alpha Conotoxin MII and Analogs",
        "Conference / Meeting Name": "URC",
        "Conference Location": "Boise, ID",
        "Date or Date Range": "2010-04-30",
        "Actual/Projected Year of Publication/Presentation": 2010,
        "Sponsoring Organization": "Boise State University",
        "Presenter(s)": null,
        "Web Address": "",
        "Description/Abstract": "",
        "Origin": "Other"
    },
    "facultyid": "112100122",
    "coauthors": {
        "64096": {
            "firstname": "Andrew",
            "middleinitial": "",
            "lastname": "Narver",
            "percentcontribution": "0",
            "sameschoolflag": 0,
            "facultyid": null,
            "authorid": 64096,
            "scholarlyactivityid": 15621
        },
        "64097": {
            "firstname": "Owen",
            "middleinitial": "Michael",
            "lastname": "McDougal",
            "percentcontribution": "0",
            "sameschoolflag": 1,
            "facultyid": "112100122",
            "authorid": 64097,
            "scholarlyactivityid": 15621
        }
    },
    "status": [
        {
            "id": 15621,
            "status": "Completed/Published",
            "term": "Spring",
            "year": 2010,
            "termid": "2009/03",
            "listingorder": 6,
            "completionorder": 6
        }
    ],
    "userid": "112100122",
    "attachments": []
}