{
    "activityid": 15622,
    "fields": {
        "Type": "Poster Presentation",
        "Title of Presentation": "Using NMR Techniques to Find Partition Coefficients Across Biphasic Systems",
        "Conference / Meeting Name": "URC",
        "Conference Location": "Boise, ID",
        "Date or Date Range": "2010-04-30",
        "Actual/Projected Year of Publication/Presentation": 2010,
        "Sponsoring Organization": "Boise State University",
        "Presenter(s)": null,
        "Web Address": "",
        "Description/Abstract": "",
        "Origin": "Other"
    },
    "facultyid": "112100122",
    "coauthors": {
        "64098": {
            "firstname": "Emily",
            "middleinitial": "",
            "lastname": "Drussel",
            "percentcontribution": "0",
            "sameschoolflag": 0,
            "facultyid": null,
            "authorid": 64098,
            "scholarlyactivityid": 15622
        },
        "64099": {
            "firstname": "Bryan",
            "middleinitial": "",
            "lastname": "Martin",
            "percentcontribution": "0",
            "sameschoolflag": 0,
            "facultyid": null,
            "authorid": 64099,
            "scholarlyactivityid": 15622
        },
        "64100": {
            "firstname": "Michael",
            "middleinitial": "",
            "lastname": "Hill",
            "percentcontribution": "0",
            "sameschoolflag": 0,
            "facultyid": null,
            "authorid": 64100,
            "scholarlyactivityid": 15622
        },
        "64101": {
            "firstname": "Gerry ",
            "middleinitial": "",
            "lastname": "Chingas",
            "percentcontribution": "0",
            "sameschoolflag": 0,
            "facultyid": null,
            "authorid": 64101,
            "scholarlyactivityid": 15622
        },
        "64102": {
            "firstname": "Owen",
            "middleinitial": "Michael",
            "lastname": "McDougal",
            "percentcontribution": "0",
            "sameschoolflag": 1,
            "facultyid": "112100122",
            "authorid": 64102,
            "scholarlyactivityid": 15622
        }
    },
    "status": [
        {
            "id": 15622,
            "status": "Completed/Published",
            "term": "Spring",
            "year": 2010,
            "termid": "2009/03",
            "listingorder": 6,
            "completionorder": 6
        }
    ],
    "userid": "112100122",
    "attachments": []
}