{
    "activityid": 15628,
    "fields": {
        "Type": "Presentation",
        "Title of Presentation": "Bridging the Experimental to Computational Divide",
        "Conference/Meeting Name": "The 92nd AAASPD",
        "Conference Location": "San Diego, CA",
        "Date or Date Range": "2011-06-30",
        "Actual/Projected Year of Publication/Presentation": 2011,
        "Sponsoring Organization": "",
        "Presenter(s)": null,
        "Web Address": "",
        "Description/Abstract": "",
        "Origin": "Other"
    },
    "facultyid": "112100122",
    "coauthors": {
        "64110": {
            "firstname": "Owen",
            "middleinitial": "Michael",
            "lastname": "McDougal",
            "percentcontribution": "0",
            "sameschoolflag": 1,
            "facultyid": "112100122",
            "authorid": 64110,
            "scholarlyactivityid": 15628
        }
    },
    "status": [
        {
            "id": 15628,
            "status": "Completed/Published",
            "term": "Summer",
            "year": 2011,
            "termid": "2011/01",
            "listingorder": 6,
            "completionorder": 6
        }
    ],
    "userid": "112100122",
    "attachments": []
}