{
    "activityid": 15630,
    "fields": {
        "Type": "Presentation",
        "Title of Presentation": "Predictive Potential Unraveled with DockoMatic",
        "Conference/Meeting Name": "The 92nd Annual AAASPD conference",
        "Conference Location": "San Diego, CA",
        "Date or Date Range": "2011-06-30",
        "Actual/Projected Year of Publication/Presentation": 2011,
        "Sponsoring Organization": "",
        "Presenter(s)": null,
        "Web Address": "",
        "Description/Abstract": "",
        "Origin": "Other"
    },
    "facultyid": "112100122",
    "coauthors": {
        "64114": {
            "firstname": "Reed",
            "middleinitial": "B",
            "lastname": "Jacob",
            "percentcontribution": "0",
            "sameschoolflag": 0,
            "facultyid": null,
            "authorid": 64114,
            "scholarlyactivityid": 15630
        },
        "64115": {
            "firstname": "Owen",
            "middleinitial": "Michael",
            "lastname": "McDougal",
            "percentcontribution": "0",
            "sameschoolflag": 1,
            "facultyid": "112100122",
            "authorid": 64115,
            "scholarlyactivityid": 15630
        }
    },
    "status": [
        {
            "id": 15630,
            "status": "Completed/Published",
            "term": "Summer",
            "year": 2011,
            "termid": "2011/01",
            "listingorder": 6,
            "completionorder": 6
        }
    ],
    "userid": "112100122",
    "attachments": []
}