{
    "activityid": 15632,
    "fields": {
        "Type": "Presentation",
        "Title of Presentation": "Insights into Acetylcholine and ?-Conotoxin MII Binding to ?3B2 Nicotinic Acetylcholine Receptors from Homology Modeling and MM/PBSA Studies",
        "Conference/Meeting Name": "94th Annual AAASPD Conference",
        "Conference Location": "Las Vegas, NV",
        "Date or Date Range": "2013-06-30",
        "Actual/Projected Year of Publication/Presentation": 2013,
        "Sponsoring Organization": "",
        "Presenter(s)": null,
        "Web Address": "",
        "Description/Abstract": "",
        "Origin": "Other"
    },
    "facultyid": "112100122",
    "coauthors": {
        "64121": {
            "firstname": "Conrad",
            "middleinitial": "",
            "lastname": "Rohleder",
            "percentcontribution": "0",
            "sameschoolflag": 0,
            "facultyid": null,
            "authorid": 64121,
            "scholarlyactivityid": 15632
        },
        "64122": {
            "firstname": "Vivek",
            "middleinitial": "S.",
            "lastname": "Bharadwaj",
            "percentcontribution": "0",
            "sameschoolflag": 0,
            "facultyid": null,
            "authorid": 64122,
            "scholarlyactivityid": 15632
        },
        "64123": {
            "firstname": "Somisetti",
            "middleinitial": "V.",
            "lastname": "Sambasivarao",
            "percentcontribution": "0",
            "sameschoolflag": 0,
            "facultyid": null,
            "authorid": 64123,
            "scholarlyactivityid": 15632
        },
        "64124": {
            "firstname": "Jason",
            "middleinitial": "G.",
            "lastname": "Slingsby",
            "percentcontribution": "0",
            "sameschoolflag": 0,
            "facultyid": null,
            "authorid": 64124,
            "scholarlyactivityid": 15632
        },
        "64125": {
            "firstname": "Chris",
            "middleinitial": "",
            "lastname": "Mallory",
            "percentcontribution": "0",
            "sameschoolflag": 0,
            "facultyid": null,
            "authorid": 64125,
            "scholarlyactivityid": 15632
        },
        "64126": {
            "firstname": "Owen",
            "middleinitial": "Michael",
            "lastname": "McDougal",
            "percentcontribution": "0",
            "sameschoolflag": 1,
            "facultyid": "112100122",
            "authorid": 64126,
            "scholarlyactivityid": 15632
        },
        "64127": {
            "firstname": "C.",
            "middleinitial": "Mark",
            "lastname": "Maupin",
            "percentcontribution": "0",
            "sameschoolflag": 0,
            "facultyid": null,
            "authorid": 64127,
            "scholarlyactivityid": 15632
        }
    },
    "status": [
        {
            "id": 15632,
            "status": "Completed/Published",
            "term": "Summer",
            "year": 2013,
            "termid": "2013/01",
            "listingorder": 6,
            "completionorder": 6
        }
    ],
    "userid": "112100122",
    "attachments": []
}