{
    "activityid": 15638,
    "fields": {
        "Type": "Presentation",
        "Title of Presentation": "Introducing DockoMatic: A Computational Tool for Scientists",
        "Conference/Meeting Name": "94th Annual AAASPD Conference",
        "Conference Location": "Las Vegas, NV",
        "Date or Date Range": "2013-06-30",
        "Actual/Projected Year of Publication/Presentation": 2013,
        "Sponsoring Organization": "",
        "Presenter(s)": null,
        "Web Address": "",
        "Description/Abstract": "",
        "Origin": "Other"
    },
    "facultyid": "112100122",
    "coauthors": {
        "64142": {
            "firstname": "Nic",
            "middleinitial": "",
            "lastname": "Cornia",
            "percentcontribution": "0",
            "sameschoolflag": 0,
            "facultyid": null,
            "authorid": 64142,
            "scholarlyactivityid": 15638
        },
        "64143": {
            "firstname": "Owen",
            "middleinitial": "Michael",
            "lastname": "McDougal",
            "percentcontribution": "0",
            "sameschoolflag": 1,
            "facultyid": "112100122",
            "authorid": 64143,
            "scholarlyactivityid": 15638
        },
        "64144": {
            "firstname": "Timothy",
            "middleinitial": "",
            "lastname": "Andersen",
            "percentcontribution": "0",
            "sameschoolflag": 1,
            "facultyid": "111669907",
            "authorid": 64144,
            "scholarlyactivityid": 15638
        }
    },
    "status": [
        {
            "id": 15638,
            "status": "Completed/Published",
            "term": "Summer",
            "year": 2013,
            "termid": "2013/01",
            "listingorder": 6,
            "completionorder": 6
        }
    ],
    "userid": "112100122",
    "attachments": []
}