{
    "activityid": 15636,
    "fields": {
        "Type": "Presentation",
        "Title of Presentation": "Separation and Characterization of Multiple Component Detergent Systems",
        "Conference/Meeting Name": "93rd Annual AAASPD conference",
        "Conference Location": "Boise, ID",
        "Date or Date Range": "2012-06-26",
        "Actual/Projected Year of Publication/Presentation": 2012,
        "Sponsoring Organization": "AAASPD",
        "Presenter(s)": null,
        "Web Address": "",
        "Description/Abstract": "",
        "Origin": "Other"
    },
    "facultyid": "112100122",
    "coauthors": {
        "64138": {
            "firstname": "Owen",
            "middleinitial": "Michael",
            "lastname": "McDougal",
            "percentcontribution": "0",
            "sameschoolflag": 1,
            "facultyid": "112100122",
            "authorid": 64138,
            "scholarlyactivityid": 15636
        },
        "64139": {
            "firstname": "Ashley",
            "middleinitial": "",
            "lastname": "Fisher",
            "percentcontribution": "0",
            "sameschoolflag": 0,
            "facultyid": null,
            "authorid": 64139,
            "scholarlyactivityid": 15636
        }
    },
    "status": [
        {
            "id": 15636,
            "status": "Completed/Published",
            "term": "Summer",
            "year": 2012,
            "termid": "2012/01",
            "listingorder": 6,
            "completionorder": 6
        }
    ],
    "userid": "112100122",
    "attachments": []
}