{
    "activityid": 15696,
    "fields": {
        "Type": "Presentation",
        "Title of Presentation": "Launching Campus-wide Civically Engaged Learning: Innovative Approaches to Foundational Studies at Boise State",
        "Conference/Meeting Name": "The 6th Annual Scholarship of Teaching and Engagement Conference at UVU",
        "Conference Location": "Utah",
        "Date or Date Range": "2014-03-27",
        "Actual/Projected Year of Publication/Presentation": 2014,
        "Sponsoring Organization": "Utah Valley University",
        "Presenter(s)": null,
        "Web Address": "",
        "Description/Abstract": "",
        "Origin": "Other"
    },
    "facultyid": "111208039",
    "coauthors": {
        "64303": {
            "firstname": "Riley",
            "middleinitial": "",
            "lastname": "Caldwell-O'Keefe",
            "percentcontribution": "0",
            "sameschoolflag": 1,
            "facultyid": "113087283",
            "authorid": 64303,
            "scholarlyactivityid": 15696
        },
        "64304": {
            "firstname": "Lisa",
            "middleinitial": "",
            "lastname": "Meierotto",
            "percentcontribution": "0",
            "sameschoolflag": 1,
            "facultyid": "111208039",
            "authorid": 64304,
            "scholarlyactivityid": 15696
        },
        "64305": {
            "firstname": "Caile",
            "middleinitial": "E",
            "lastname": "Spear",
            "percentcontribution": "0",
            "sameschoolflag": 1,
            "facultyid": "111110020",
            "authorid": 64305,
            "scholarlyactivityid": 15696
        },
        "64306": {
            "firstname": "Faith",
            "middleinitial": "",
            "lastname": "Beyer Hansen",
            "percentcontribution": "0",
            "sameschoolflag": 1,
            "facultyid": "112077340",
            "authorid": 64306,
            "scholarlyactivityid": 15696
        }
    },
    "status": [
        {
            "id": 15696,
            "status": "Completed/Published",
            "term": "Spring",
            "year": 2014,
            "termid": "2013/03",
            "listingorder": 6,
            "completionorder": 6
        }
    ],
    "userid": "111208039",
    "attachments": []
}