{
    "activityid": 15708,
    "fields": {
        "Type": "Poster Presentation",
        "Title of Presentation": "International service therapy: A path to healing",
        "Conference / Meeting Name": "American Counseling Association Annual Conference",
        "Conference Location": "Pittsburg, PA",
        "Date or Date Range": "2010-12-31",
        "Actual/Projected Year of Publication/Presentation": 2010,
        "Sponsoring Organization": "American Counseling Association",
        "Presenter(s)": null,
        "Web Address": "",
        "Description/Abstract": "",
        "Origin": "Other"
    },
    "facultyid": "113026222",
    "coauthors": {
        "64333": {
            "firstname": "Aida",
            "middleinitial": "",
            "lastname": "Midgett",
            "percentcontribution": "0",
            "sameschoolflag": 1,
            "facultyid": "113026222",
            "authorid": 64333,
            "scholarlyactivityid": 15708
        }
    },
    "status": [
        {
            "id": 15708,
            "status": "Completed/Published",
            "term": "Fall",
            "year": 2010,
            "termid": "2010/02",
            "listingorder": 6,
            "completionorder": 6
        }
    ],
    "userid": "113026222",
    "attachments": []
}