{
    "activityid": 15706,
    "fields": {
        "Type": "Poster Presentation",
        "Title of Presentation": "Hope and Optimism: Are They the Same Across Cultures?",
        "Conference / Meeting Name": "American Counseling Association Annual Conference",
        "Conference Location": "San Francisco, CA",
        "Date or Date Range": "2012-12-31",
        "Actual/Projected Year of Publication/Presentation": 2012,
        "Sponsoring Organization": "American Counseling Association",
        "Presenter(s)": null,
        "Web Address": "",
        "Description/Abstract": "",
        "Origin": "Other"
    },
    "facultyid": "113026222",
    "coauthors": {
        "64331": {
            "firstname": "Aida",
            "middleinitial": "",
            "lastname": "Midgett",
            "percentcontribution": "0",
            "sameschoolflag": 1,
            "facultyid": "113026222",
            "authorid": 64331,
            "scholarlyactivityid": 15706
        }
    },
    "status": [
        {
            "id": 15706,
            "status": "Completed/Published",
            "term": "Fall",
            "year": 2012,
            "termid": "2012/02",
            "listingorder": 6,
            "completionorder": 6
        }
    ],
    "userid": "113026222",
    "attachments": []
}