{
    "activityid": 15716,
    "fields": {
        "Type": "Poster Presentation",
        "Title of Presentation": "Relationships among psychosocial variables and college adjustment for students of various ethnocultural backgrounds",
        "Conference / Meeting Name": "Western Psychological Association Annual Conference",
        "Conference Location": "Irvine, California",
        "Date or Date Range": "2002-05-31",
        "Actual/Projected Year of Publication/Presentation": 2002,
        "Sponsoring Organization": "Western Psychological Association",
        "Presenter(s)": null,
        "Web Address": "",
        "Description/Abstract": "",
        "Origin": "Other"
    },
    "facultyid": "113026222",
    "coauthors": {
        "64358": {
            "firstname": "Aida",
            "middleinitial": "",
            "lastname": "Midgett",
            "percentcontribution": "0",
            "sameschoolflag": 1,
            "facultyid": "113026222",
            "authorid": 64358,
            "scholarlyactivityid": 15716
        },
        "64359": {
            "firstname": "W",
            "middleinitial": "",
            "lastname": "Martin",
            "percentcontribution": "0",
            "sameschoolflag": 0,
            "facultyid": null,
            "authorid": 64359,
            "scholarlyactivityid": 15716
        },
        "64360": {
            "firstname": "T",
            "middleinitial": "",
            "lastname": "Fabian",
            "percentcontribution": "0",
            "sameschoolflag": 0,
            "facultyid": null,
            "authorid": 64360,
            "scholarlyactivityid": 15716
        }
    },
    "status": [
        {
            "id": 15716,
            "status": "Completed/Published",
            "term": "Spring",
            "year": 2002,
            "termid": "2001/03",
            "listingorder": 6,
            "completionorder": 6
        }
    ],
    "userid": "113026222",
    "attachments": []
}