{
    "activityid": 15715,
    "fields": {
        "Type": "Poster Presentation",
        "Title of Presentation": "Parental adjustment to their emerging adult attending college",
        "Conference / Meeting Name": "American Counseling Association Annual Conference",
        "Conference Location": "Anaheim, California",
        "Date or Date Range": "2003-03-31",
        "Actual/Projected Year of Publication/Presentation": 2003,
        "Sponsoring Organization": "American Counseling Association",
        "Presenter(s)": null,
        "Web Address": "",
        "Description/Abstract": "",
        "Origin": "Other"
    },
    "facultyid": "113026222",
    "coauthors": {
        "64356": {
            "firstname": "M",
            "middleinitial": "",
            "lastname": "Halter",
            "percentcontribution": "0",
            "sameschoolflag": 0,
            "facultyid": null,
            "authorid": 64356,
            "scholarlyactivityid": 15715
        },
        "64357": {
            "firstname": "Aida",
            "middleinitial": "",
            "lastname": "Midgett",
            "percentcontribution": "0",
            "sameschoolflag": 1,
            "facultyid": "113026222",
            "authorid": 64357,
            "scholarlyactivityid": 15715
        }
    },
    "status": [
        {
            "id": 15715,
            "status": "Completed/Published",
            "term": "Spring",
            "year": 2003,
            "termid": "2002/03",
            "listingorder": 6,
            "completionorder": 6
        }
    ],
    "userid": "113026222",
    "attachments": []
}