{
    "activityid": 15713,
    "fields": {
        "Type": "Poster Presentation",
        "Title of Presentation": "Ethnocultural person-environment fit as a moderator of college adjustment: Implications for counseling",
        "Conference / Meeting Name": "Rocky Mountain Association for Counselor Education and Supervision Bi-Annual Conference",
        "Conference Location": "Breckenridge, Colorado",
        "Date or Date Range": "2004-10-31",
        "Actual/Projected Year of Publication/Presentation": 2004,
        "Sponsoring Organization": "Rocky Mountain Association for Counselor Education and Supervision",
        "Presenter(s)": null,
        "Web Address": "",
        "Description/Abstract": "",
        "Origin": "Other"
    },
    "facultyid": "113026222",
    "coauthors": {
        "64348": {
            "firstname": "Aida",
            "middleinitial": "",
            "lastname": "Midgett",
            "percentcontribution": "0",
            "sameschoolflag": 1,
            "facultyid": "113026222",
            "authorid": 64348,
            "scholarlyactivityid": 15713
        },
        "64349": {
            "firstname": "W",
            "middleinitial": "",
            "lastname": "Martin",
            "percentcontribution": "0",
            "sameschoolflag": 0,
            "facultyid": null,
            "authorid": 64349,
            "scholarlyactivityid": 15713
        },
        "64350": {
            "firstname": "M",
            "middleinitial": "",
            "lastname": "Beitel",
            "percentcontribution": "0",
            "sameschoolflag": 0,
            "facultyid": null,
            "authorid": 64350,
            "scholarlyactivityid": 15713
        },
        "64351": {
            "firstname": "D",
            "middleinitial": "",
            "lastname": "Bell",
            "percentcontribution": "0",
            "sameschoolflag": 0,
            "facultyid": null,
            "authorid": 64351,
            "scholarlyactivityid": 15713
        }
    },
    "status": [
        {
            "id": 15713,
            "status": "Completed/Published",
            "term": "Fall",
            "year": 2004,
            "termid": "2004/02",
            "listingorder": 6,
            "completionorder": 6
        }
    ],
    "userid": "113026222",
    "attachments": []
}