{
    "activityid": 15710,
    "fields": {
        "Type": "Poster Presentation",
        "Title of Presentation": "Fostering resiliency in diverse students: What can school counselors do?",
        "Conference / Meeting Name": "Montana Counseling Association Annual Conference",
        "Conference Location": "Helena, Montana",
        "Date or Date Range": "2005-04-30",
        "Actual/Projected Year of Publication/Presentation": 2005,
        "Sponsoring Organization": "Montana Counseling Association",
        "Presenter(s)": null,
        "Web Address": "",
        "Description/Abstract": "",
        "Origin": "Other"
    },
    "facultyid": "113026222",
    "coauthors": {
        "64337": {
            "firstname": "C",
            "middleinitial": "",
            "lastname": "Warner-Dobrowski",
            "percentcontribution": "0",
            "sameschoolflag": 0,
            "facultyid": null,
            "authorid": 64337,
            "scholarlyactivityid": 15710
        },
        "64338": {
            "firstname": "N",
            "middleinitial": "",
            "lastname": "Dudley",
            "percentcontribution": "0",
            "sameschoolflag": 0,
            "facultyid": null,
            "authorid": 64338,
            "scholarlyactivityid": 15710
        },
        "64339": {
            "firstname": "Aida",
            "middleinitial": "",
            "lastname": "Midgett",
            "percentcontribution": "0",
            "sameschoolflag": 1,
            "facultyid": "113026222",
            "authorid": 64339,
            "scholarlyactivityid": 15710
        }
    },
    "status": [
        {
            "id": 15710,
            "status": "Completed/Published",
            "term": "Spring",
            "year": 2005,
            "termid": "2004/03",
            "listingorder": 6,
            "completionorder": 6
        }
    ],
    "userid": "113026222",
    "attachments": []
}