{
    "activityid": 15718,
    "fields": {
        "Type": "Poster Presentation",
        "Title of Presentation": "Canonical correlations on ethnocultural perceptions of fit and first-year college student adjustment",
        "Conference / Meeting Name": "Rocky Mountain Psychological Association Annual Conference",
        "Conference Location": "Reno, Nevada",
        "Date or Date Range": "2001-04-30",
        "Actual/Projected Year of Publication/Presentation": 2001,
        "Sponsoring Organization": "Rocky Mountain Psychological Association",
        "Presenter(s)": null,
        "Web Address": "",
        "Description/Abstract": "",
        "Origin": "Other"
    },
    "facultyid": "113026222",
    "coauthors": {
        "64364": {
            "firstname": "W.",
            "middleinitial": "",
            "lastname": "Martin",
            "percentcontribution": "0",
            "sameschoolflag": 0,
            "facultyid": null,
            "authorid": 64364,
            "scholarlyactivityid": 15718
        },
        "64365": {
            "firstname": "J",
            "middleinitial": "",
            "lastname": "Swartz-Kulstad",
            "percentcontribution": "0",
            "sameschoolflag": 0,
            "facultyid": null,
            "authorid": 64365,
            "scholarlyactivityid": 15718
        },
        "64366": {
            "firstname": "Aida",
            "middleinitial": "",
            "lastname": "Midgett",
            "percentcontribution": "0",
            "sameschoolflag": 1,
            "facultyid": "113026222",
            "authorid": 64366,
            "scholarlyactivityid": 15718
        },
        "64367": {
            "firstname": "T",
            "middleinitial": "",
            "lastname": "Fabian",
            "percentcontribution": "0",
            "sameschoolflag": 0,
            "facultyid": null,
            "authorid": 64367,
            "scholarlyactivityid": 15718
        }
    },
    "status": [
        {
            "id": 15718,
            "status": "Completed/Published",
            "term": "Spring",
            "year": 2001,
            "termid": "2000/03",
            "listingorder": 6,
            "completionorder": 6
        }
    ],
    "userid": "113026222",
    "attachments": []
}