{
    "activityid": 15712,
    "fields": {
        "Type": "Poster Presentation",
        "Title of Presentation": "Trans-cultural and cross-cultural adoptions: Three examples with relevant counseling implications",
        "Conference / Meeting Name": "Montana Counseling Association Annual Conference",
        "Conference Location": "Helena, Montana",
        "Date or Date Range": "2005-04-30",
        "Actual/Projected Year of Publication/Presentation": 2005,
        "Sponsoring Organization": "Montana Counseling Association",
        "Presenter(s)": null,
        "Web Address": "",
        "Description/Abstract": "",
        "Origin": "Other"
    },
    "facultyid": "113026222",
    "coauthors": {
        "64344": {
            "firstname": "J",
            "middleinitial": "",
            "lastname": "Howell",
            "percentcontribution": "0",
            "sameschoolflag": 0,
            "facultyid": null,
            "authorid": 64344,
            "scholarlyactivityid": 15712
        },
        "64345": {
            "firstname": "C",
            "middleinitial": "",
            "lastname": "Courtney",
            "percentcontribution": "0",
            "sameschoolflag": 0,
            "facultyid": null,
            "authorid": 64345,
            "scholarlyactivityid": 15712
        },
        "64346": {
            "firstname": "S",
            "middleinitial": "",
            "lastname": "Silverberg",
            "percentcontribution": "0",
            "sameschoolflag": 0,
            "facultyid": null,
            "authorid": 64346,
            "scholarlyactivityid": 15712
        },
        "64347": {
            "firstname": "Aida",
            "middleinitial": "",
            "lastname": "Midgett",
            "percentcontribution": "0",
            "sameschoolflag": 1,
            "facultyid": "113026222",
            "authorid": 64347,
            "scholarlyactivityid": 15712
        }
    },
    "status": [
        {
            "id": 15712,
            "status": "Completed/Published",
            "term": "Spring",
            "year": 2005,
            "termid": "2004/03",
            "listingorder": 6,
            "completionorder": 6
        }
    ],
    "userid": "113026222",
    "attachments": []
}