{
    "activityid": 15722,
    "fields": {
        "Type": "Presentation",
        "Title of Presentation": "Empirically-Based Bullying Reduction  Strategies for Middle School Students.",
        "Conference/Meeting Name": "American Counseling Association Conference",
        "Conference Location": "Orlando, FL",
        "Date or Date Range": "2015-03-31",
        "Actual/Projected Year of Publication/Presentation": 2015,
        "Sponsoring Organization": "",
        "Presenter(s)": null,
        "Web Address": "",
        "Description/Abstract": "",
        "Origin": "Other"
    },
    "facultyid": "113026222",
    "coauthors": {
        "64379": {
            "firstname": "Aida",
            "middleinitial": "",
            "lastname": "Midgett",
            "percentcontribution": "0",
            "sameschoolflag": 1,
            "facultyid": "113026222",
            "authorid": 64379,
            "scholarlyactivityid": 15722
        },
        "64380": {
            "firstname": "Robin",
            "middleinitial": "",
            "lastname": "Hausheer",
            "percentcontribution": "0",
            "sameschoolflag": 0,
            "facultyid": null,
            "authorid": 64380,
            "scholarlyactivityid": 15722
        }
    },
    "status": [
        {
            "id": 15722,
            "status": "Completed/Published",
            "term": "Spring",
            "year": 2015,
            "termid": "2014/03",
            "listingorder": 6,
            "completionorder": 6
        }
    ],
    "userid": "113026222",
    "attachments": []
}