{
    "activityid": 15726,
    "fields": {
        "Type": "Presentation",
        "Title of Presentation": "Leadership and Innovation through Service Learning: Counselor Education Students Working with Refugee Families",
        "Conference/Meeting Name": "Rocky Mountain Association for Counselor Education and Supervision Bi-Annual Conference",
        "Conference Location": "Jackson, Wyoming",
        "Date or Date Range": "2010-12-31",
        "Actual/Projected Year of Publication/Presentation": 2010,
        "Sponsoring Organization": "Rocky Mountain Association for Counselor Education and Supervision",
        "Presenter(s)": null,
        "Web Address": "",
        "Description/Abstract": "",
        "Origin": "Other"
    },
    "facultyid": "113026222",
    "coauthors": {
        "64387": {
            "firstname": "Aida",
            "middleinitial": "",
            "lastname": "Midgett",
            "percentcontribution": "0",
            "sameschoolflag": 1,
            "facultyid": "113026222",
            "authorid": 64387,
            "scholarlyactivityid": 15726
        },
        "64388": {
            "firstname": "D",
            "middleinitial": "",
            "lastname": "Horras",
            "percentcontribution": "0",
            "sameschoolflag": 0,
            "facultyid": null,
            "authorid": 64388,
            "scholarlyactivityid": 15726
        },
        "64389": {
            "firstname": "L",
            "middleinitial": "",
            "lastname": "Mundy",
            "percentcontribution": "0",
            "sameschoolflag": 0,
            "facultyid": null,
            "authorid": 64389,
            "scholarlyactivityid": 15726
        },
        "64390": {
            "firstname": "",
            "middleinitial": "",
            "lastname": "Blades (jr)",
            "percentcontribution": "0",
            "sameschoolflag": 0,
            "facultyid": null,
            "authorid": 64390,
            "scholarlyactivityid": 15726
        },
        "64391": {
            "firstname": "J",
            "middleinitial": "",
            "lastname": "Phillips",
            "percentcontribution": "0",
            "sameschoolflag": 0,
            "facultyid": null,
            "authorid": 64391,
            "scholarlyactivityid": 15726
        },
        "64392": {
            "firstname": "M",
            "middleinitial": "",
            "lastname": "Sundquist",
            "percentcontribution": "0",
            "sameschoolflag": 1,
            "facultyid": "111201644",
            "authorid": 64392,
            "scholarlyactivityid": 15726
        }
    },
    "status": [
        {
            "id": 15726,
            "status": "Completed/Published",
            "term": "Fall",
            "year": 2010,
            "termid": "2010/02",
            "listingorder": 6,
            "completionorder": 6
        }
    ],
    "userid": "113026222",
    "attachments": []
}