{
    "activityid": 15724,
    "fields": {
        "Type": "Presentation",
        "Title of Presentation": "Preparing Students to Work With refugees: Lessons Learned",
        "Conference/Meeting Name": "14th Annual Continuums of Service Conference",
        "Conference Location": "San Diego, California",
        "Date or Date Range": "2011-12-31",
        "Actual/Projected Year of Publication/Presentation": 2011,
        "Sponsoring Organization": "Annual Continuums of Service",
        "Presenter(s)": null,
        "Web Address": "",
        "Description/Abstract": "",
        "Origin": "Other"
    },
    "facultyid": "113026222",
    "coauthors": {
        "64384": {
            "firstname": "K",
            "middleinitial": "",
            "lastname": "Brasica",
            "percentcontribution": "0",
            "sameschoolflag": 0,
            "facultyid": null,
            "authorid": 64384,
            "scholarlyactivityid": 15724
        },
        "64385": {
            "firstname": "Aida",
            "middleinitial": "",
            "lastname": "Midgett",
            "percentcontribution": "0",
            "sameschoolflag": 1,
            "facultyid": "113026222",
            "authorid": 64385,
            "scholarlyactivityid": 15724
        }
    },
    "status": [
        {
            "id": 15724,
            "status": "Completed/Published",
            "term": "Fall",
            "year": 2011,
            "termid": "2011/02",
            "listingorder": 6,
            "completionorder": 6
        }
    ],
    "userid": "113026222",
    "attachments": []
}