{
    "activityid": 15728,
    "fields": {
        "Type": "Presentation",
        "Title of Presentation": "Avalia\u00e7\u0103o psicol\u00f3gica em contextos multiculturais e com grupos minorit\u00e1rios",
        "Conference/Meeting Name": "II Congresso de Avalia\u00e7\u0103o Psicol\u00f3gica",
        "Conference Location": "Rio Grande do Sul, Brazil",
        "Date or Date Range": "2005-05-31",
        "Actual/Projected Year of Publication/Presentation": 2005,
        "Sponsoring Organization": "II Congresso de Avalia\u00e7\u0103o Psicol\u00f3gica",
        "Presenter(s)": null,
        "Web Address": "",
        "Description/Abstract": "",
        "Origin": "Other"
    },
    "facultyid": "113026222",
    "coauthors": {
        "64396": {
            "firstname": "Aida",
            "middleinitial": "",
            "lastname": "Midgett",
            "percentcontribution": "0",
            "sameschoolflag": 1,
            "facultyid": "113026222",
            "authorid": 64396,
            "scholarlyactivityid": 15728
        },
        "64397": {
            "firstname": "D",
            "middleinitial": "",
            "lastname": "Bell",
            "percentcontribution": "0",
            "sameschoolflag": 0,
            "facultyid": null,
            "authorid": 64397,
            "scholarlyactivityid": 15728
        }
    },
    "status": [
        {
            "id": 15728,
            "status": "Completed/Published",
            "term": "Spring",
            "year": 2005,
            "termid": "2004/03",
            "listingorder": 6,
            "completionorder": 6
        }
    ],
    "userid": "113026222",
    "attachments": []
}