{
    "activityid": 15727,
    "fields": {
        "Type": "Presentation",
        "Title of Presentation": "Counselors-in-training and therapeutic outcomes: A preliminary empirical inquiry during a first practicum experience",
        "Conference/Meeting Name": "Rocky Mountain Association for Counselor Education and Supervision Bi-Annual Conference",
        "Conference Location": "Jackson, Wyoming",
        "Date or Date Range": "2006-10-31",
        "Actual/Projected Year of Publication/Presentation": 2006,
        "Sponsoring Organization": "Rocky Mountain Association for Counselor Education and Supervision",
        "Presenter(s)": null,
        "Web Address": "",
        "Description/Abstract": "",
        "Origin": "Other"
    },
    "facultyid": "113026222",
    "coauthors": {
        "64393": {
            "firstname": "Aida",
            "middleinitial": "",
            "lastname": "Midgett",
            "percentcontribution": "0",
            "sameschoolflag": 1,
            "facultyid": "113026222",
            "authorid": 64393,
            "scholarlyactivityid": 15727
        },
        "64394": {
            "firstname": "M",
            "middleinitial": "",
            "lastname": "Beitel",
            "percentcontribution": "0",
            "sameschoolflag": 0,
            "facultyid": null,
            "authorid": 64394,
            "scholarlyactivityid": 15727
        },
        "64395": {
            "firstname": "J",
            "middleinitial": "",
            "lastname": "Pitts",
            "percentcontribution": "0",
            "sameschoolflag": 0,
            "facultyid": null,
            "authorid": 64395,
            "scholarlyactivityid": 15727
        }
    },
    "status": [
        {
            "id": 15727,
            "status": "Completed/Published",
            "term": "Fall",
            "year": 2006,
            "termid": "2006/02",
            "listingorder": 6,
            "completionorder": 6
        }
    ],
    "userid": "113026222",
    "attachments": []
}