{
    "activityid": 15721,
    "fields": {
        "Type": "Poster Presentation",
        "Title of Presentation": "Psychosocial correlates to college adjustment of undergraduate students",
        "Conference / Meeting Name": "Rocky Mountain Psychological Association Annual Conference",
        "Conference Location": "Tucson, Arizona",
        "Date or Date Range": "2000-05-31",
        "Actual/Projected Year of Publication/Presentation": 2000,
        "Sponsoring Organization": "Rocky Mountain Psychological Association",
        "Presenter(s)": null,
        "Web Address": "",
        "Description/Abstract": "",
        "Origin": "Other"
    },
    "facultyid": "113026222",
    "coauthors": {
        "64375": {
            "firstname": "W.",
            "middleinitial": "",
            "lastname": "Martin",
            "percentcontribution": "0",
            "sameschoolflag": 0,
            "facultyid": null,
            "authorid": 64375,
            "scholarlyactivityid": 15721
        },
        "64376": {
            "firstname": "J",
            "middleinitial": "",
            "lastname": "Swartz-Kulstad",
            "percentcontribution": "0",
            "sameschoolflag": 0,
            "facultyid": null,
            "authorid": 64376,
            "scholarlyactivityid": 15721
        },
        "64377": {
            "firstname": "Aida",
            "middleinitial": "",
            "lastname": "Midgett",
            "percentcontribution": "0",
            "sameschoolflag": 1,
            "facultyid": "113026222",
            "authorid": 64377,
            "scholarlyactivityid": 15721
        },
        "64378": {
            "firstname": "T",
            "middleinitial": "",
            "lastname": "Fabian",
            "percentcontribution": "0",
            "sameschoolflag": 0,
            "facultyid": null,
            "authorid": 64378,
            "scholarlyactivityid": 15721
        }
    },
    "status": [
        {
            "id": 15721,
            "status": "Completed/Published",
            "term": "Spring",
            "year": 2000,
            "termid": "1999/03",
            "listingorder": 6,
            "completionorder": 6
        }
    ],
    "userid": "113026222",
    "attachments": []
}