{
    "activityid": 15720,
    "fields": {
        "Type": "Poster Presentation",
        "Title of Presentation": "College adjustment of first-year students from various ethnocultural backgrounds",
        "Conference / Meeting Name": "Rocky Mountain Psychological Association Annual Conference",
        "Conference Location": "Tucson, Arizona",
        "Date or Date Range": "2000-05-31",
        "Actual/Projected Year of Publication/Presentation": 2000,
        "Sponsoring Organization": "Rocky Mountain Psychological Association",
        "Presenter(s)": null,
        "Web Address": "",
        "Description/Abstract": "",
        "Origin": "Other"
    },
    "facultyid": "113026222",
    "coauthors": {
        "64372": {
            "firstname": "Aida",
            "middleinitial": "",
            "lastname": "Midgett",
            "percentcontribution": "0",
            "sameschoolflag": 1,
            "facultyid": "113026222",
            "authorid": 64372,
            "scholarlyactivityid": 15720
        },
        "64373": {
            "firstname": "T",
            "middleinitial": "",
            "lastname": "Fabian",
            "percentcontribution": "0",
            "sameschoolflag": 0,
            "facultyid": null,
            "authorid": 64373,
            "scholarlyactivityid": 15720
        },
        "64374": {
            "firstname": "W",
            "middleinitial": "",
            "lastname": "Martin",
            "percentcontribution": "0",
            "sameschoolflag": 0,
            "facultyid": null,
            "authorid": 64374,
            "scholarlyactivityid": 15720
        }
    },
    "status": [
        {
            "id": 15720,
            "status": "Completed/Published",
            "term": "Spring",
            "year": 2000,
            "termid": "1999/03",
            "listingorder": 6,
            "completionorder": 6
        }
    ],
    "userid": "113026222",
    "attachments": []
}