{
    "activityid": 15732,
    "fields": {
        "Type": "Presentation",
        "Title of Presentation": "Working with children and families living in poverty: Implications for school counselors",
        "Conference/Meeting Name": "Montana Counseling Association Annual Conference",
        "Conference Location": "Helena, Montana",
        "Date or Date Range": "2005-04-30",
        "Actual/Projected Year of Publication/Presentation": 2005,
        "Sponsoring Organization": "Montana Counseling Association",
        "Presenter(s)": null,
        "Web Address": "",
        "Description/Abstract": "",
        "Origin": "Other"
    },
    "facultyid": "113026222",
    "coauthors": {
        "64407": {
            "firstname": "V",
            "middleinitial": "",
            "lastname": "Gibson",
            "percentcontribution": "0",
            "sameschoolflag": 0,
            "facultyid": null,
            "authorid": 64407,
            "scholarlyactivityid": 15732
        },
        "64408": {
            "firstname": "M",
            "middleinitial": "",
            "lastname": "Farley",
            "percentcontribution": "0",
            "sameschoolflag": 0,
            "facultyid": null,
            "authorid": 64408,
            "scholarlyactivityid": 15732
        },
        "64409": {
            "firstname": "A",
            "middleinitial": "",
            "lastname": "Rivenbark",
            "percentcontribution": "0",
            "sameschoolflag": 0,
            "facultyid": null,
            "authorid": 64409,
            "scholarlyactivityid": 15732
        },
        "64410": {
            "firstname": "Aida",
            "middleinitial": "",
            "lastname": "Midgett",
            "percentcontribution": "0",
            "sameschoolflag": 1,
            "facultyid": "113026222",
            "authorid": 64410,
            "scholarlyactivityid": 15732
        }
    },
    "status": [
        {
            "id": 15732,
            "status": "Completed/Published",
            "term": "Spring",
            "year": 2005,
            "termid": "2004/03",
            "listingorder": 6,
            "completionorder": 6
        }
    ],
    "userid": "113026222",
    "attachments": []
}