{
    "activityid": 15734,
    "fields": {
        "Type": "Presentation",
        "Title of Presentation": "Bullying Prevention",
        "Conference/Meeting Name": "Institute of Addiction ",
        "Conference Location": "Boise, ID",
        "Date or Date Range": "2014-10-31",
        "Actual/Projected Year of Publication/Presentation": 2014,
        "Sponsoring Organization": "",
        "Presenter(s)": null,
        "Web Address": "",
        "Description/Abstract": "",
        "Origin": "Other"
    },
    "facultyid": "113026222",
    "coauthors": {
        "64416": {
            "firstname": "Aida",
            "middleinitial": "",
            "lastname": "Midgett",
            "percentcontribution": "0",
            "sameschoolflag": 1,
            "facultyid": "113026222",
            "authorid": 64416,
            "scholarlyactivityid": 15734
        },
        "64417": {
            "firstname": "Dara",
            "middleinitial": "",
            "lastname": "Sears",
            "percentcontribution": "0",
            "sameschoolflag": 0,
            "facultyid": null,
            "authorid": 64417,
            "scholarlyactivityid": 15734
        }
    },
    "status": [
        {
            "id": 15734,
            "status": "Completed/Published",
            "term": "Fall",
            "year": 2014,
            "termid": "2014/02",
            "listingorder": 6,
            "completionorder": 6
        }
    ],
    "userid": "113026222",
    "attachments": []
}