{
    "activityid": 15730,
    "fields": {
        "Type": "Presentation",
        "Title of Presentation": "Native American suicide: An insight into intervention and treatment methods",
        "Conference/Meeting Name": "Montana Counseling Association Annual Conference",
        "Conference Location": "Helena, Montana",
        "Date or Date Range": "2005-04-30",
        "Actual/Projected Year of Publication/Presentation": 2005,
        "Sponsoring Organization": "Montana Counseling Association",
        "Presenter(s)": null,
        "Web Address": "",
        "Description/Abstract": "",
        "Origin": "Other"
    },
    "facultyid": "113026222",
    "coauthors": {
        "64400": {
            "firstname": "B",
            "middleinitial": "",
            "lastname": "Midgett",
            "percentcontribution": "0",
            "sameschoolflag": 0,
            "facultyid": null,
            "authorid": 64400,
            "scholarlyactivityid": 15730
        },
        "64401": {
            "firstname": "S",
            "middleinitial": "",
            "lastname": "Hill",
            "percentcontribution": "0",
            "sameschoolflag": 0,
            "facultyid": null,
            "authorid": 64401,
            "scholarlyactivityid": 15730
        },
        "64402": {
            "firstname": "Aida",
            "middleinitial": "",
            "lastname": "Midgett",
            "percentcontribution": "0",
            "sameschoolflag": 1,
            "facultyid": "113026222",
            "authorid": 64402,
            "scholarlyactivityid": 15730
        }
    },
    "status": [
        {
            "id": 15730,
            "status": "Completed/Published",
            "term": "Spring",
            "year": 2005,
            "termid": "2004/03",
            "listingorder": 6,
            "completionorder": 6
        }
    ],
    "userid": "113026222",
    "attachments": []
}