{
    "activityid": 15735,
    "fields": {
        "Type": "Presentation",
        "Title of Presentation": "Developing Multicultural Awarness, Knowledge, and Skills",
        "Conference/Meeting Name": "Cultural Competency",
        "Conference Location": "Pablo, Montana",
        "Date or Date Range": "2008-08-31",
        "Actual/Projected Year of Publication/Presentation": 2008,
        "Sponsoring Organization": "Salish-Kootnai College",
        "Presenter(s)": null,
        "Web Address": "",
        "Description/Abstract": "",
        "Origin": "Other"
    },
    "facultyid": "113026222",
    "coauthors": {
        "64418": {
            "firstname": "Aida",
            "middleinitial": "",
            "lastname": "Midgett",
            "percentcontribution": "0",
            "sameschoolflag": 1,
            "facultyid": "113026222",
            "authorid": 64418,
            "scholarlyactivityid": 15735
        },
        "64419": {
            "firstname": "Camel",
            "middleinitial": "",
            "lastname": "T",
            "percentcontribution": "0",
            "sameschoolflag": 0,
            "facultyid": null,
            "authorid": 64419,
            "scholarlyactivityid": 15735
        }
    },
    "status": [
        {
            "id": 15735,
            "status": "Completed/Published",
            "term": "Summer",
            "year": 2008,
            "termid": "2008/01",
            "listingorder": 6,
            "completionorder": 6
        }
    ],
    "userid": "113026222",
    "attachments": []
}