{
    "activityid": 15733,
    "fields": {
        "Type": "Presentation",
        "Title of Presentation": "Substance abuse screening in a university counseling center: Assessing clients, measures, and recommendations",
        "Conference/Meeting Name": "Montana Counseling Association Annual Conference",
        "Conference Location": "Missoula, Montana",
        "Date or Date Range": "2003-10-31",
        "Actual/Projected Year of Publication/Presentation": 2003,
        "Sponsoring Organization": "Montana Counseling Association",
        "Presenter(s)": null,
        "Web Address": "",
        "Description/Abstract": "",
        "Origin": "Other"
    },
    "facultyid": "113026222",
    "coauthors": {
        "64411": {
            "firstname": "Aida",
            "middleinitial": "",
            "lastname": "Midgett",
            "percentcontribution": "0",
            "sameschoolflag": 1,
            "facultyid": "113026222",
            "authorid": 64411,
            "scholarlyactivityid": 15733
        },
        "64412": {
            "firstname": "M",
            "middleinitial": "",
            "lastname": "Beitel",
            "percentcontribution": "0",
            "sameschoolflag": 0,
            "facultyid": null,
            "authorid": 64412,
            "scholarlyactivityid": 15733
        },
        "64413": {
            "firstname": "B",
            "middleinitial": "",
            "lastname": "Sharkey",
            "percentcontribution": "0",
            "sameschoolflag": 0,
            "facultyid": null,
            "authorid": 64413,
            "scholarlyactivityid": 15733
        },
        "64414": {
            "firstname": "D",
            "middleinitial": "",
            "lastname": "Bell",
            "percentcontribution": "0",
            "sameschoolflag": 0,
            "facultyid": null,
            "authorid": 64414,
            "scholarlyactivityid": 15733
        },
        "64415": {
            "firstname": "J",
            "middleinitial": "",
            "lastname": "Knell",
            "percentcontribution": "0",
            "sameschoolflag": 0,
            "facultyid": null,
            "authorid": 64415,
            "scholarlyactivityid": 15733
        }
    },
    "status": [
        {
            "id": 15733,
            "status": "Completed/Published",
            "term": "Fall",
            "year": 2003,
            "termid": "2003/02",
            "listingorder": 6,
            "completionorder": 6
        }
    ],
    "userid": "113026222",
    "attachments": []
}