{
    "activityid": 15827,
    "fields": {
        "Type": "Presentation",
        "Title of Presentation": "Networking Writing Centers",
        "Conference/Meeting Name": "Annual Conference of the National Council of Teachers of English",
        "Conference Location": "Las Vegas, NV",
        "Date or Date Range": "2012-11-30",
        "Actual/Projected Year of Publication/Presentation": 2012,
        "Sponsoring Organization": "NCTE",
        "Presenter(s)": null,
        "Web Address": "",
        "Description/Abstract": "",
        "Origin": "Other"
    },
    "facultyid": "113070031",
    "coauthors": {
        "64630": {
            "firstname": "Clyde",
            "middleinitial": "Andrew",
            "lastname": "Moneyhun",
            "percentcontribution": "0",
            "sameschoolflag": 1,
            "facultyid": "113070031",
            "authorid": 64630,
            "scholarlyactivityid": 15827
        }
    },
    "status": [
        {
            "id": 15827,
            "status": "Completed/Published",
            "term": "Fall",
            "year": 2012,
            "termid": "2012/02",
            "listingorder": 6,
            "completionorder": 6
        }
    ],
    "userid": "113070031",
    "attachments": []
}