{
    "activityid": 15830,
    "fields": {
        "Type": "Presentation",
        "Title of Presentation": "Models for Writing-Center Based WAC Mentors Programs",
        "Conference/Meeting Name": "International Writing Centers Association Conference",
        "Conference Location": "San Diego, California",
        "Date or Date Range": "2012-10-27",
        "Actual/Projected Year of Publication/Presentation": 2012,
        "Sponsoring Organization": "International Writing Centers Association",
        "Presenter(s)": null,
        "Web Address": "",
        "Description/Abstract": "",
        "Origin": "Other"
    },
    "facultyid": "113070031",
    "coauthors": {
        "64633": {
            "firstname": "Melissa",
            "middleinitial": "",
            "lastname": "Keith",
            "percentcontribution": "0",
            "sameschoolflag": 1,
            "facultyid": "111365159",
            "authorid": 64633,
            "scholarlyactivityid": 15830
        },
        "64634": {
            "firstname": "Clyde",
            "middleinitial": "Andrew",
            "lastname": "Moneyhun",
            "percentcontribution": "0",
            "sameschoolflag": 1,
            "facultyid": "113070031",
            "authorid": 64634,
            "scholarlyactivityid": 15830
        },
        "64635": {
            "firstname": "Andrew",
            "middleinitial": "",
            "lastname": "Hyer",
            "percentcontribution": "0",
            "sameschoolflag": 1,
            "facultyid": "113029591",
            "authorid": 64635,
            "scholarlyactivityid": 15830
        },
        "64636": {
            "firstname": "Charlene",
            "middleinitial": "",
            "lastname": "Mitchell",
            "percentcontribution": "0",
            "sameschoolflag": 0,
            "facultyid": null,
            "authorid": 64636,
            "scholarlyactivityid": 15830
        }
    },
    "status": [
        {
            "id": 15830,
            "status": "Completed/Published",
            "term": "Fall",
            "year": 2012,
            "termid": "2012/02",
            "listingorder": 6,
            "completionorder": 6
        }
    ],
    "userid": "113070031",
    "attachments": []
}