{
    "activityid": 15834,
    "fields": {
        "Type": "Presentation",
        "Title of Presentation": "&quot;10 Poems by Dolors Miquel&quot;",
        "Conference/Meeting Name": "American Literary Translators Association",
        "Conference Location": "Tucson, Arizona",
        "Date or Date Range": "2015-10-29",
        "Actual/Projected Year of Publication/Presentation": 2015,
        "Sponsoring Organization": "",
        "Presenter(s)": null,
        "Web Address": "",
        "Description/Abstract": "",
        "Origin": "Other"
    },
    "facultyid": "113070031",
    "coauthors": {
        "64640": {
            "firstname": "Clyde",
            "middleinitial": "Andrew",
            "lastname": "Moneyhun",
            "percentcontribution": "0",
            "sameschoolflag": 1,
            "facultyid": "113070031",
            "authorid": 64640,
            "scholarlyactivityid": 15834
        }
    },
    "status": [
        {
            "id": 15834,
            "status": "Completed/Published",
            "term": "Fall",
            "year": 2015,
            "termid": "2015/02",
            "listingorder": 6,
            "completionorder": 6
        }
    ],
    "userid": "113070031",
    "attachments": []
}