{
    "activityid": 15831,
    "fields": {
        "Type": "Presentation",
        "Title of Presentation": "&quot;L'estasi divi&quot;:  Ramon Llull and the Mystic Beauty of the Word",
        "Conference/Meeting Name": "Rhetoric Society of America",
        "Conference Location": "Philadephia, PA",
        "Date or Date Range": "2012-05-31",
        "Actual/Projected Year of Publication/Presentation": 2012,
        "Sponsoring Organization": "RSA",
        "Presenter(s)": null,
        "Web Address": "",
        "Description/Abstract": "",
        "Origin": "Other"
    },
    "facultyid": "113070031",
    "coauthors": {
        "64637": {
            "firstname": "Clyde",
            "middleinitial": "Andrew",
            "lastname": "Moneyhun",
            "percentcontribution": "0",
            "sameschoolflag": 1,
            "facultyid": "113070031",
            "authorid": 64637,
            "scholarlyactivityid": 15831
        }
    },
    "status": [
        {
            "id": 15831,
            "status": "Completed/Published",
            "term": "Spring",
            "year": 2012,
            "termid": "2011/03",
            "listingorder": 6,
            "completionorder": 6
        }
    ],
    "userid": "113070031",
    "attachments": []
}