{
    "activityid": 15897,
    "fields": {
        "Type": "Presentation",
        "Title of Presentation": "Turning self-service into community service: A role for professional communicators",
        "Conference/Meeting Name": "International IEEE Professional Communication Conference",
        "Conference Location": "Enschede, Netherlands",
        "Date or Date Range": "2010-07-08",
        "Actual/Projected Year of Publication/Presentation": 2010,
        "Sponsoring Organization": "University of Twente",
        "Presenter(s)": null,
        "Web Address": "",
        "Description/Abstract": "",
        "Origin": "Other"
    },
    "facultyid": "111669970",
    "coauthors": {
        "64742": {
            "firstname": "Roger",
            "middleinitial": "Heathcot",
            "lastname": "Munger",
            "percentcontribution": "0",
            "sameschoolflag": 1,
            "facultyid": "111669970",
            "authorid": 64742,
            "scholarlyactivityid": 15897
        }
    },
    "status": [
        {
            "id": 15897,
            "status": "Completed/Published",
            "term": "Summer",
            "year": 2010,
            "termid": "2010/01",
            "listingorder": 6,
            "completionorder": 6
        }
    ],
    "userid": "111669970",
    "attachments": []
}