{
    "activityid": 15913,
    "fields": {
        "Type": "Presentation",
        "Title of Presentation": "From the Other Side of the Desk: The Challenges Writing Instructors Face When They Move from Teacher to Tutor",
        "Conference/Meeting Name": "",
        "Conference Location": "St. Louis, MO",
        "Date or Date Range": "2012-03-31",
        "Actual/Projected Year of Publication/Presentation": 2012,
        "Sponsoring Organization": "CCCC",
        "Presenter(s)": null,
        "Web Address": "",
        "Description/Abstract": "",
        "Origin": "Other"
    },
    "facultyid": "114004157",
    "coauthors": {
        "64781": {
            "firstname": "Kelly",
            "middleinitial": "",
            "lastname": "Myers",
            "percentcontribution": "0",
            "sameschoolflag": 1,
            "facultyid": "114004157",
            "authorid": 64781,
            "scholarlyactivityid": 15913
        }
    },
    "status": [
        {
            "id": 15913,
            "status": "Completed/Published",
            "term": "Spring",
            "year": 2012,
            "termid": "2011/03",
            "listingorder": 6,
            "completionorder": 6
        }
    ],
    "userid": "114004157",
    "attachments": []
}