{
    "activityid": 15911,
    "fields": {
        "Type": "Presentation",
        "Title of Presentation": "Pausing to Reflect: Assessment of University Learning Outcomes in Upper-Division English Courses",
        "Conference/Meeting Name": "Annual Meeting of the Council of Writing Program Administrators",
        "Conference Location": "Boise, ID",
        "Date or Date Range": "2015-07-31",
        "Actual/Projected Year of Publication/Presentation": 2015,
        "Sponsoring Organization": "Council of Writing Program Administrators",
        "Presenter(s)": null,
        "Web Address": "",
        "Description/Abstract": "",
        "Origin": "Other"
    },
    "facultyid": "114004157",
    "coauthors": {
        "92233": {
            "firstname": "Margaret",
            "middleinitial": "",
            "lastname": "Bundy",
            "percentcontribution": "",
            "sameschoolflag": 1,
            "facultyid": "114012409",
            "authorid": 92233,
            "scholarlyactivityid": 15911
        },
        "92234": {
            "firstname": "Kelly",
            "middleinitial": "",
            "lastname": "Myers",
            "percentcontribution": "",
            "sameschoolflag": 1,
            "facultyid": "114004157",
            "authorid": 92234,
            "scholarlyactivityid": 15911
        }
    },
    "status": [
        {
            "id": 15911,
            "status": "Completed/Published",
            "term": "Summer",
            "year": 2015,
            "termid": "2015/01",
            "listingorder": 6,
            "completionorder": 6
        }
    ],
    "userid": "114004157",
    "attachments": []
}