{
    "activityid": 16086,
    "fields": {
        "Type": "Presentation",
        "Title of Presentation": "&quot;Characterizing the Honors Research Course: Digital Promises in Honors Composition&quot;",
        "Conference/Meeting Name": "CCCC (Conference on College Composition and Communication)",
        "Conference Location": "Las Vegas, Nevada",
        "Date or Date Range": "2013-03-23",
        "Actual/Projected Year of Publication/Presentation": 2013,
        "Sponsoring Organization": "NCTE",
        "Presenter(s)": null,
        "Web Address": "",
        "Description/Abstract": "",
        "Origin": "Other"
    },
    "facultyid": "111301723",
    "coauthors": {
        "65222": {
            "firstname": "Christi",
            "middleinitial": "",
            "lastname": "Nogle",
            "percentcontribution": "0",
            "sameschoolflag": 1,
            "facultyid": "111303929",
            "authorid": 65222,
            "scholarlyactivityid": 16086
        },
        "65223": {
            "firstname": "Jan",
            "middleinitial": "",
            "lastname": "Roser",
            "percentcontribution": "0",
            "sameschoolflag": 1,
            "facultyid": "112127317",
            "authorid": 65223,
            "scholarlyactivityid": 16086
        },
        "65224": {
            "firstname": "Heidi",
            "middleinitial": "",
            "lastname": "Naylor",
            "percentcontribution": "0",
            "sameschoolflag": 1,
            "facultyid": "111301723",
            "authorid": 65224,
            "scholarlyactivityid": 16086
        }
    },
    "status": [
        {
            "id": 16086,
            "status": "Completed/Published",
            "term": "Spring",
            "year": 2013,
            "termid": "2012/03",
            "listingorder": 6,
            "completionorder": 6
        }
    ],
    "userid": "111301723",
    "attachments": []
}