{
    "activityid": 16095,
    "fields": {
        "Type": "Presentation",
        "Title of Presentation": "Parlor Pieces: Women and Natural History in the Long Eighteenth Century",
        "Conference/Meeting Name": "&quot;The Idea of Nature 1660-1860&quot; course",
        "Conference Location": "Boise State University",
        "Date or Date Range": "2012-03-31",
        "Actual/Projected Year of Publication/Presentation": 2012,
        "Sponsoring Organization": "Samantha Harvey, English Department",
        "Presenter(s)": null,
        "Web Address": "",
        "Description/Abstract": "Guest lecture for \u201cThe Idea of Nature 1660-1860,\u201d combined undergraduate/graduate course",
        "Origin": "Other"
    },
    "facultyid": "112033842",
    "coauthors": {
        "65236": {
            "firstname": "Janice",
            "middleinitial": "",
            "lastname": "Neri",
            "percentcontribution": "0",
            "sameschoolflag": 1,
            "facultyid": "112033842",
            "authorid": 65236,
            "scholarlyactivityid": 16095
        }
    },
    "status": [
        {
            "id": 16095,
            "status": "Completed/Published",
            "term": "Spring",
            "year": 2012,
            "termid": "2011/03",
            "listingorder": 6,
            "completionorder": 6
        }
    ],
    "userid": "112033842",
    "attachments": []
}