{
    "activityid": 16098,
    "fields": {
        "Type": "Presentation",
        "Title of Presentation": "Insects in Early Still Life Painting",
        "Conference/Meeting Name": "Symposium on Insects in Early Modern Europe ",
        "Conference Location": "Paris, France",
        "Date or Date Range": "2012-06-30",
        "Actual/Projected Year of Publication/Presentation": 2012,
        "Sponsoring Organization": "UMass Amherst and the Institut d'\u00c9tudes Avanc\u00e9es",
        "Presenter(s)": null,
        "Web Address": "",
        "Description/Abstract": "",
        "Origin": "Other"
    },
    "facultyid": "112033842",
    "coauthors": {
        "65239": {
            "firstname": "Janice",
            "middleinitial": "",
            "lastname": "Neri",
            "percentcontribution": "0",
            "sameschoolflag": 1,
            "facultyid": "112033842",
            "authorid": 65239,
            "scholarlyactivityid": 16098
        }
    },
    "status": [
        {
            "id": 16098,
            "status": "Completed/Published",
            "term": "Summer",
            "year": 2012,
            "termid": "2012/01",
            "listingorder": 6,
            "completionorder": 6
        }
    ],
    "userid": "112033842",
    "attachments": []
}