{
    "activityid": 16142,
    "fields": {
        "Type": "Presentation",
        "Title of Presentation": "Special Collections and Archives Reference Services",
        "Conference/Meeting Name": "",
        "Conference Location": "Library",
        "Date or Date Range": "",
        "Actual/Projected Year of Publication/Presentation": 2012,
        "Sponsoring Organization": "Albertsons Library",
        "Presenter(s)": null,
        "Web Address": "",
        "Description/Abstract": "Why do patrons come to Special Collections and Archives? What questions do they ask? What are their research topics? What services does the unit provide? This session will take the mystery out of Special Collections and Archives. Cheryl will provide an overview of patrons, topics, and services from start to finish. She'll cover rules, copyright issues, virtual reference, photocopies, scans, digital cameras, preparations, forms, retrieval, props, confidentiality, and monitoring as well as what statistics are gathered and how they're used.",
        "Origin": "Other"
    },
    "facultyid": "113144147",
    "coauthors": {
        "107958": {
            "firstname": "Cheryl",
            "middleinitial": "",
            "lastname": "Oestreicher",
            "percentcontribution": "",
            "sameschoolflag": 1,
            "facultyid": "113144147",
            "authorid": 107958,
            "scholarlyactivityid": 16142,
            "classifications": {
                "Role": "Presenter"
            }
        }
    },
    "status": [
        {
            "id": 16142,
            "status": "Completed/Published",
            "term": "Fall",
            "year": 2012,
            "termid": "2012/02",
            "listingorder": 6,
            "completionorder": 6
        }
    ],
    "userid": "113144147",
    "attachments": []
}