{
    "activityid": 16147,
    "fields": {
        "Type": "Presentation",
        "Title of Presentation": "Introduction to Archives",
        "Conference/Meeting Name": "Save Our African American Treasures",
        "Conference Location": "",
        "Date or Date Range": "2010-02-28",
        "Actual/Projected Year of Publication/Presentation": 2010,
        "Sponsoring Organization": "Smithsonian Institution",
        "Presenter(s)": null,
        "Web Address": "",
        "Description/Abstract": "",
        "Origin": "Other"
    },
    "facultyid": "113144147",
    "coauthors": {
        "107961": {
            "firstname": "Cheryl",
            "middleinitial": "",
            "lastname": "Oestreicher",
            "percentcontribution": "",
            "sameschoolflag": 1,
            "facultyid": "113144147",
            "authorid": 107961,
            "scholarlyactivityid": 16147,
            "classifications": {
                "Role": "Presenter"
            }
        }
    },
    "status": [
        {
            "id": 16147,
            "status": "Completed/Published",
            "term": "Spring",
            "year": 2010,
            "termid": "2009/03",
            "listingorder": 6,
            "completionorder": 6
        }
    ],
    "userid": "113144147",
    "attachments": []
}