{
    "activityid": 16146,
    "fields": {
        "Type": "Presentation",
        "Title of Presentation": "Working for Freedom: Documenting the Civil Rights Movement",
        "Conference/Meeting Name": "Annual Meeting",
        "Conference Location": "",
        "Date or Date Range": "2010-08-31",
        "Actual/Projected Year of Publication/Presentation": 2010,
        "Sponsoring Organization": "Society of American Archivists ",
        "Presenter(s)": null,
        "Web Address": "",
        "Description/Abstract": "African-American collections are vital to documenting American history, but many currently are hidden and/or unavailable to researchers. Panelists highlight the efforts of four institutions, collaborating under one CLIR grant, to unearth significant collections created by people and organizations of the Civil Rights movement. They discuss the opportunities and challengesof their joint and individual efforts to make these collections available utilizing Web 2.0 technology, Archon/Archivists' Toolkit \u00ae, and processing techniques.",
        "Origin": "Other"
    },
    "facultyid": "113144147",
    "coauthors": {
        "107959": {
            "firstname": "Cheryl",
            "middleinitial": "",
            "lastname": "Oestreicher",
            "percentcontribution": "",
            "sameschoolflag": 1,
            "facultyid": "113144147",
            "authorid": 107959,
            "scholarlyactivityid": 16146,
            "classifications": {
                "Role": "Presenter"
            }
        }
    },
    "status": [
        {
            "id": 16146,
            "status": "Completed/Published",
            "term": "Summer",
            "year": 2010,
            "termid": "2010/01",
            "listingorder": 6,
            "completionorder": 6
        }
    ],
    "userid": "113144147",
    "attachments": []
}