{
    "activityid": 16143,
    "fields": {
        "Type": "Presentation",
        "Title of Presentation": "Collaborative Grants",
        "Conference/Meeting Name": "Society of American Archivists",
        "Conference Location": "San Diego, CA",
        "Date or Date Range": "2012-08-08",
        "Actual/Projected Year of Publication/Presentation": 2012,
        "Sponsoring Organization": "Archives Management Roundtable",
        "Presenter(s)": null,
        "Web Address": "",
        "Description/Abstract": "",
        "Origin": "Other"
    },
    "facultyid": "113144147",
    "coauthors": {
        "107957": {
            "firstname": "Cheryl",
            "middleinitial": "",
            "lastname": "Oestreicher",
            "percentcontribution": "",
            "sameschoolflag": 1,
            "facultyid": "113144147",
            "authorid": 107957,
            "scholarlyactivityid": 16143,
            "classifications": {
                "Role": "Presenter"
            }
        }
    },
    "status": [
        {
            "id": 16143,
            "status": "Completed/Published",
            "term": "Summer",
            "year": 2012,
            "termid": "2012/01",
            "listingorder": 6,
            "completionorder": 6
        }
    ],
    "userid": "113144147",
    "attachments": []
}