{
    "activityid": 16144,
    "fields": {
        "Type": "Presentation",
        "Title of Presentation": "Documenting the Civil Rights Movement: New Research Opportunities",
        "Conference/Meeting Name": "Carter G. Woodson Institute 30th Anniversary: African-American and Africana Studies at Work in the World",
        "Conference Location": "University of Virginia, Charlottesville, VA",
        "Date or Date Range": "2011-04-30",
        "Actual/Projected Year of Publication/Presentation": 2011,
        "Sponsoring Organization": "Carter G. Woodson Institute",
        "Presenter(s)": null,
        "Web Address": "http://www.virginia.edu/woodson/30thanniversary/",
        "Description/Abstract": "&quot;Eateries, Educators, and Executives: Documenting Civil Rights Intellectual History,&quot; provided an overview of Andrew J. Young, Jean Childs Young, and NAACP Atlanta Branch archival collections.",
        "Origin": "Other"
    },
    "facultyid": "113144147",
    "coauthors": {
        "107956": {
            "firstname": "Cheryl",
            "middleinitial": "",
            "lastname": "Oestreicher",
            "percentcontribution": "",
            "sameschoolflag": 1,
            "facultyid": "113144147",
            "authorid": 107956,
            "scholarlyactivityid": 16144,
            "classifications": {
                "Role": "Presenter"
            }
        }
    },
    "status": [
        {
            "id": 16144,
            "status": "Completed/Published",
            "term": "Spring",
            "year": 2011,
            "termid": "2010/03",
            "listingorder": 6,
            "completionorder": 6
        }
    ],
    "userid": "113144147",
    "attachments": []
}