{
    "activityid": 16150,
    "fields": {
        "Type": "Presentation",
        "Title of Presentation": "Engaging Students with Primary Sources:  Leveraging Boise State\u2019s Special Collections",
        "Conference/Meeting Name": "",
        "Conference Location": "",
        "Date or Date Range": "2013-10-08",
        "Actual/Projected Year of Publication/Presentation": 2013,
        "Sponsoring Organization": "Center for Teaching and Learning",
        "Presenter(s)": null,
        "Web Address": "",
        "Description/Abstract": "Historical and rare materials are not just for historians! The library\u2019s Special Collections and Archives has rare and unique materials that appeal to a wide variety of disciplines, including anthropology, political science, kinesiology, English, art, communication, history, music, education, social science, geosciences, modern languages (i.e. Basque), architecture, nursing, and philosophy. Come with your questions and ideas on how to incorporate primary sources into your curriculum and class projects.",
        "Origin": "Other"
    },
    "facultyid": "113144147",
    "coauthors": {
        "107967": {
            "firstname": "Cheryl",
            "middleinitial": "",
            "lastname": "Oestreicher",
            "percentcontribution": "",
            "sameschoolflag": 1,
            "facultyid": "113144147",
            "authorid": 107967,
            "scholarlyactivityid": 16150,
            "classifications": {
                "Role": "Presenter"
            }
        },
        "107968": {
            "firstname": "Julia",
            "middleinitial": "",
            "lastname": "Stringfellow",
            "percentcontribution": "",
            "sameschoolflag": 1,
            "facultyid": "113083844",
            "authorid": 107968,
            "scholarlyactivityid": 16150,
            "classifications": {
                "Role": "Presenter"
            }
        }
    },
    "status": [
        {
            "id": 16150,
            "status": "Completed/Published",
            "term": "Fall",
            "year": 2013,
            "termid": "2013/02",
            "listingorder": 6,
            "completionorder": 6
        }
    ],
    "userid": "113144147",
    "attachments": []
}