{
    "activityid": 16152,
    "fields": {
        "Type": "Presentation",
        "Title of Presentation": "Melville and William Johnson Neale's History of the Mutiny at Spithead and the Nore",
        "Conference/Meeting Name": "Melville and Whitman: The 9th International Melville Conference",
        "Conference Location": "Washington, DC",
        "Date or Date Range": "2013-06-30",
        "Actual/Projected Year of Publication/Presentation": 2013,
        "Sponsoring Organization": "",
        "Presenter(s)": null,
        "Web Address": "",
        "Description/Abstract": "",
        "Origin": "Other"
    },
    "facultyid": "111643332",
    "coauthors": {
        "65342": {
            "firstname": "Steven",
            "middleinitial": "Steven",
            "lastname": "Olsen-Smith",
            "percentcontribution": "0",
            "sameschoolflag": 1,
            "facultyid": "111643332",
            "authorid": 65342,
            "scholarlyactivityid": 16152
        },
        "65343": {
            "firstname": "Peter",
            "middleinitial": "",
            "lastname": "Norberg",
            "percentcontribution": "0",
            "sameschoolflag": 0,
            "facultyid": null,
            "authorid": 65343,
            "scholarlyactivityid": 16152
        }
    },
    "status": [
        {
            "id": 16152,
            "status": "Completed/Published",
            "term": "Summer",
            "year": 2013,
            "termid": "2013/01",
            "listingorder": 6,
            "completionorder": 6
        }
    ],
    "userid": "111643332",
    "attachments": []
}