{
    "activityid": 16316,
    "fields": {
        "Type": "Presentation",
        "Title of Presentation": "&quot;Beyond Memos, Contracts, and Royalty Statements:  The Professional Literacy Practices We Never Knew We Learned&quot;",
        "Conference/Meeting Name": "Composition Studies Conference:  Literacies\u2014Personal, Professional, Academic",
        "Conference Location": "Durham, NH",
        "Date or Date Range": "2007-10-13",
        "Actual/Projected Year of Publication/Presentation": 2007,
        "Sponsoring Organization": "University of New Hampshire",
        "Presenter(s)": null,
        "Web Address": "",
        "Description/Abstract": "",
        "Origin": "Other"
    },
    "facultyid": "111110239",
    "coauthors": {
        "65780": {
            "firstname": "Michelle",
            "middleinitial": "Marie",
            "lastname": "Payne",
            "percentcontribution": "0",
            "sameschoolflag": 1,
            "facultyid": "111110239",
            "authorid": 65780,
            "scholarlyactivityid": 16316
        }
    },
    "status": [
        {
            "id": 16316,
            "status": "Completed/Published",
            "term": "Fall",
            "year": 2007,
            "termid": "2007/02",
            "listingorder": 6,
            "completionorder": 6
        }
    ],
    "userid": "111110239",
    "attachments": []
}