{
    "activityid": 16317,
    "fields": {
        "Type": "Presentation",
        "Title of Presentation": "&quot;Textbook Choice as an Instrument of a Writing Program's Identity&quot;",
        "Conference/Meeting Name": "Conference on College Composition and Communication ",
        "Conference Location": "New York, NY",
        "Date or Date Range": "2007-03-22",
        "Actual/Projected Year of Publication/Presentation": 2007,
        "Sponsoring Organization": "CCC",
        "Presenter(s)": null,
        "Web Address": "",
        "Description/Abstract": "",
        "Origin": "Other"
    },
    "facultyid": "111110239",
    "coauthors": {
        "65781": {
            "firstname": "Michelle",
            "middleinitial": "Marie",
            "lastname": "Payne",
            "percentcontribution": "0",
            "sameschoolflag": 1,
            "facultyid": "111110239",
            "authorid": 65781,
            "scholarlyactivityid": 16317
        }
    },
    "status": [
        {
            "id": 16317,
            "status": "Completed/Published",
            "term": "Spring",
            "year": 2007,
            "termid": "2006/03",
            "listingorder": 6,
            "completionorder": 6
        }
    ],
    "userid": "111110239",
    "attachments": []
}