{
    "activityid": 16318,
    "fields": {
        "Type": "Presentation",
        "Title of Presentation": "&quot;Representing Black Power: Handling a 'Revolution' in the Age of Mass Media&quot;",
        "Conference/Meeting Name": "",
        "Conference Location": "Buffalo, NY",
        "Date or Date Range": "2013-04-01",
        "Actual/Projected Year of Publication/Presentation": 2013,
        "Sponsoring Organization": "University at Buffalo",
        "Presenter(s)": null,
        "Web Address": "",
        "Description/Abstract": "",
        "Origin": "Other"
    },
    "facultyid": "113024765",
    "coauthors": {
        "65782": {
            "firstname": "Craig",
            "middleinitial": "",
            "lastname": "Peariso",
            "percentcontribution": "0",
            "sameschoolflag": 1,
            "facultyid": "113024765",
            "authorid": 65782,
            "scholarlyactivityid": 16318
        }
    },
    "status": [
        {
            "id": 16318,
            "status": "Completed/Published",
            "term": "Spring",
            "year": 2013,
            "termid": "2012/03",
            "listingorder": 6,
            "completionorder": 6
        }
    ],
    "userid": "113024765",
    "attachments": []
}