{
    "activityid": 16314,
    "fields": {
        "Type": "Presentation",
        "Title of Presentation": "&quot;Terms of Understanding: What Do Graduate Students Need to Know about Religious Literacy?&quot;",
        "Conference/Meeting Name": "Conference on College Composition and Communication ",
        "Conference Location": "Louisville, KY",
        "Date or Date Range": "2010-03-19",
        "Actual/Projected Year of Publication/Presentation": 2010,
        "Sponsoring Organization": "CCC",
        "Presenter(s)": null,
        "Web Address": "",
        "Description/Abstract": "",
        "Origin": "Other"
    },
    "facultyid": "111110239",
    "coauthors": {
        "65778": {
            "firstname": "Michelle",
            "middleinitial": "Marie",
            "lastname": "Payne",
            "percentcontribution": "0",
            "sameschoolflag": 1,
            "facultyid": "111110239",
            "authorid": 65778,
            "scholarlyactivityid": 16314
        }
    },
    "status": [
        {
            "id": 16314,
            "status": "Completed/Published",
            "term": "Spring",
            "year": 2010,
            "termid": "2009/03",
            "listingorder": 6,
            "completionorder": 6
        }
    ],
    "userid": "111110239",
    "attachments": []
}