{
    "activityid": 16329,
    "fields": {
        "Type": "Presentation",
        "Title of Presentation": "\u201cChoking the Wheels of Material Progress\u201d: Bret Harte\u2019s Resistant Landscapes",
        "Conference/Meeting Name": "",
        "Conference Location": "Moscow, ID",
        "Date or Date Range": "2015-06-30",
        "Actual/Projected Year of Publication/Presentation": 2015,
        "Sponsoring Organization": "Association for the Study of Literature and Environment",
        "Presenter(s)": null,
        "Web Address": "",
        "Description/Abstract": "",
        "Origin": "Other"
    },
    "facultyid": "111643336",
    "coauthors": {
        "65799": {
            "firstname": "Tara",
            "middleinitial": "C",
            "lastname": "Penry",
            "percentcontribution": "0",
            "sameschoolflag": 1,
            "facultyid": "111643336",
            "authorid": 65799,
            "scholarlyactivityid": 16329
        }
    },
    "status": [
        {
            "id": 16329,
            "status": "Completed/Published",
            "term": "Summer",
            "year": 2015,
            "termid": "2015/01",
            "listingorder": 6,
            "completionorder": 6
        }
    ],
    "userid": "111643336",
    "attachments": []
}