{
    "activityid": 16328,
    "fields": {
        "Type": "Presentation",
        "Title of Presentation": "Reading in a Body, in a Place: Decentralized Regionalisms of the 49th Parallel",
        "Conference/Meeting Name": "American Literature Association 2008 conference",
        "Conference Location": "San Francisco, CA",
        "Date or Date Range": "2008-05-31",
        "Actual/Projected Year of Publication/Presentation": 2008,
        "Sponsoring Organization": "American Literature Association",
        "Presenter(s)": null,
        "Web Address": "",
        "Description/Abstract": "",
        "Origin": "Other"
    },
    "facultyid": "111643336",
    "coauthors": {
        "65798": {
            "firstname": "Tara",
            "middleinitial": "C",
            "lastname": "Penry",
            "percentcontribution": "0",
            "sameschoolflag": 1,
            "facultyid": "111643336",
            "authorid": 65798,
            "scholarlyactivityid": 16328
        }
    },
    "status": [
        {
            "id": 16328,
            "status": "Completed/Published",
            "term": "Spring",
            "year": 2008,
            "termid": "2007/03",
            "listingorder": 6,
            "completionorder": 6
        }
    ],
    "userid": "111643336",
    "attachments": []
}