{
    "activityid": 16327,
    "fields": {
        "Type": "Presentation",
        "Title of Presentation": "Bret Harte, Mark Twain, and the Art of Western Storytelling",
        "Conference/Meeting Name": "OSHER Institute",
        "Conference Location": "Boise, ID",
        "Date or Date Range": "2012-02-28",
        "Actual/Projected Year of Publication/Presentation": 2012,
        "Sponsoring Organization": "BSU OSHER Institute",
        "Presenter(s)": null,
        "Web Address": "",
        "Description/Abstract": "",
        "Origin": "Other"
    },
    "facultyid": "111643336",
    "coauthors": {
        "65797": {
            "firstname": "Tara",
            "middleinitial": "C",
            "lastname": "Penry",
            "percentcontribution": "0",
            "sameschoolflag": 1,
            "facultyid": "111643336",
            "authorid": 65797,
            "scholarlyactivityid": 16327
        }
    },
    "status": [
        {
            "id": 16327,
            "status": "Completed/Published",
            "term": "Spring",
            "year": 2012,
            "termid": "2011/03",
            "listingorder": 6,
            "completionorder": 6
        }
    ],
    "userid": "111643336",
    "attachments": []
}