{
    "activityid": 16321,
    "fields": {
        "Type": "Presentation",
        "Title of Presentation": "&quot;Black Power and Signification: Racial Resistance and the Politics of Appropriation&quot;",
        "Conference/Meeting Name": "Race, Radicalism, and Repression",
        "Conference Location": "Seattle",
        "Date or Date Range": "2011-05-31",
        "Actual/Projected Year of Publication/Presentation": 2011,
        "Sponsoring Organization": "University of Washington",
        "Presenter(s)": null,
        "Web Address": "",
        "Description/Abstract": "",
        "Origin": "Other"
    },
    "facultyid": "113024765",
    "coauthors": {
        "65785": {
            "firstname": "Craig",
            "middleinitial": "",
            "lastname": "Peariso",
            "percentcontribution": "0",
            "sameschoolflag": 1,
            "facultyid": "113024765",
            "authorid": 65785,
            "scholarlyactivityid": 16321
        }
    },
    "status": [
        {
            "id": 16321,
            "status": "Completed/Published",
            "term": "Spring",
            "year": 2011,
            "termid": "2010/03",
            "listingorder": 6,
            "completionorder": 6
        }
    ],
    "userid": "113024765",
    "attachments": []
}