{
    "activityid": 16332,
    "fields": {
        "Type": "Presentation",
        "Title of Presentation": "Partnership Tales of the California Gold Rush",
        "Conference/Meeting Name": "Western Literature Association 2012 conference",
        "Conference Location": "Lubbock, Texas",
        "Date or Date Range": "2012-11-30",
        "Actual/Projected Year of Publication/Presentation": 2012,
        "Sponsoring Organization": "Western Literature Association",
        "Presenter(s)": null,
        "Web Address": "",
        "Description/Abstract": "",
        "Origin": "Other"
    },
    "facultyid": "111643336",
    "coauthors": {
        "65802": {
            "firstname": "Tara",
            "middleinitial": "C",
            "lastname": "Penry",
            "percentcontribution": "0",
            "sameschoolflag": 1,
            "facultyid": "111643336",
            "authorid": 65802,
            "scholarlyactivityid": 16332
        }
    },
    "status": [
        {
            "id": 16332,
            "status": "Completed/Published",
            "term": "Fall",
            "year": 2012,
            "termid": "2012/02",
            "listingorder": 6,
            "completionorder": 6
        }
    ],
    "userid": "111643336",
    "attachments": []
}