{
    "activityid": 16331,
    "fields": {
        "Type": "Presentation",
        "Title of Presentation": "Nation and Region in 19th-century Magazines from the American West",
        "Conference/Meeting Name": "Geographies of the Book",
        "Conference Location": "Philadelphia",
        "Date or Date Range": "2013-07-31",
        "Actual/Projected Year of Publication/Presentation": 2013,
        "Sponsoring Organization": "Society for the History of Authorship, Reading, and Publishing (SHARP)",
        "Presenter(s)": null,
        "Web Address": "",
        "Description/Abstract": "",
        "Origin": "Other"
    },
    "facultyid": "111643336",
    "coauthors": {
        "65801": {
            "firstname": "Tara",
            "middleinitial": "C",
            "lastname": "Penry",
            "percentcontribution": "0",
            "sameschoolflag": 1,
            "facultyid": "111643336",
            "authorid": 65801,
            "scholarlyactivityid": 16331
        }
    },
    "status": [
        {
            "id": 16331,
            "status": "Completed/Published",
            "term": "Summer",
            "year": 2013,
            "termid": "2013/01",
            "listingorder": 6,
            "completionorder": 6
        }
    ],
    "userid": "111643336",
    "attachments": []
}