{
    "activityid": 16337,
    "fields": {
        "Type": "Presentation",
        "Title of Presentation": "Film and Education: The Boise Community as a Case  Study for Refugee",
        "Conference/Meeting Name": "6th N.E.V.I.S. New Echoes and Voices in Italian Studies",
        "Conference Location": "Chico, CA",
        "Date or Date Range": "2013-11-30",
        "Actual/Projected Year of Publication/Presentation": 2013,
        "Sponsoring Organization": "",
        "Presenter(s)": null,
        "Web Address": "",
        "Description/Abstract": "",
        "Origin": "Other"
    },
    "facultyid": "111727706",
    "coauthors": {
        "109331": {
            "firstname": "Claudia",
            "middleinitial": "",
            "lastname": "Peralta",
            "percentcontribution": "",
            "sameschoolflag": 1,
            "facultyid": "111727706",
            "authorid": 109331,
            "scholarlyactivityid": 16337,
            "classifications": {
                "Role": "Presenter"
            }
        }
    },
    "status": [
        {
            "id": 16337,
            "status": "Completed/Published",
            "term": "Fall",
            "year": 2013,
            "termid": "2013/02",
            "listingorder": 6,
            "completionorder": 6
        }
    ],
    "userid": "111727706",
    "attachments": []
}