{
    "activityid": 16336,
    "fields": {
        "Type": "Presentation",
        "Title of Presentation": "Emotion in the Western Classroom",
        "Conference/Meeting Name": "Western Literature Association 2006 conference",
        "Conference Location": "Boise, ID",
        "Date or Date Range": "2006-10-31",
        "Actual/Projected Year of Publication/Presentation": 2006,
        "Sponsoring Organization": "Western Literature Association",
        "Presenter(s)": null,
        "Web Address": "",
        "Description/Abstract": "",
        "Origin": "Other"
    },
    "facultyid": "111643336",
    "coauthors": {
        "65806": {
            "firstname": "Tara",
            "middleinitial": "C",
            "lastname": "Penry",
            "percentcontribution": "0",
            "sameschoolflag": 1,
            "facultyid": "111643336",
            "authorid": 65806,
            "scholarlyactivityid": 16336
        }
    },
    "status": [
        {
            "id": 16336,
            "status": "Completed/Published",
            "term": "Fall",
            "year": 2006,
            "termid": "2006/02",
            "listingorder": 6,
            "completionorder": 6
        }
    ],
    "userid": "111643336",
    "attachments": []
}