{
    "activityid": 16341,
    "fields": {
        "Type": "Presentation",
        "Title of Presentation": "Cultural Wealth",
        "Conference/Meeting Name": " English as a New Language &amp; Adult Education Changing the Educational Landscape",
        "Conference Location": "Boise State University",
        "Date or Date Range": "2013-04-19",
        "Actual/Projected Year of Publication/Presentation": 2013,
        "Sponsoring Organization": "",
        "Presenter(s)": null,
        "Web Address": "",
        "Description/Abstract": "",
        "Origin": "Other"
    },
    "facultyid": "111727706",
    "coauthors": {
        "65811": {
            "firstname": "Claudia",
            "middleinitial": "",
            "lastname": "Peralta",
            "percentcontribution": "0",
            "sameschoolflag": 1,
            "facultyid": "111727706",
            "authorid": 65811,
            "scholarlyactivityid": 16341
        }
    },
    "status": [
        {
            "id": 16341,
            "status": "Completed/Published",
            "term": "Spring",
            "year": 2013,
            "termid": "2012/03",
            "listingorder": 6,
            "completionorder": 6
        }
    ],
    "userid": "111727706",
    "attachments": []
}